#NAME?,RF AUSTRIA GVT BMK BID YLD 10Y - RED. YIELD,RF BELGIUM GVT BMK BID YLD 10Y - RED. YIELD,RF CYPRUS GVT BMK BID YLD 10Y - RED. YIELD,RF GERMANY GVT BMK BID YLD 10Y - RED. YIELD,RF SPAIN GVT BMK BID YLD 10Y - RED. YIELD,RF FINLAND GVT BMK BID YLD 10Y - RED. YIELD,RF FRANCE GVT BMK BID YLD 10Y - RED. YIELD,RF GREECE GVT BMK BID YLD 10Y - RED. YIELD,RF IRELAND GVT BMK BID YLD 10Y - RED. YIELD,RF ITALY GVT BMK BID YLD 10Y - RED. YIELD,RF LITHUANIA GVT BMK BID YLD 10Y - RED. YIELD,#ERROR,RF LATVIA GVT BMK BID YLD 10Y DISC - RED. YIELD,RF MALTA GVT BMK BID YLD 10Y - RED. YIELD,RF NETHERLANDS GVT BMK BID YLD 10Y - RED. YIELD,RF PORTUGAL GVT BMK BID YLD 10Y - RED. YIELD,RF SLOVENIA GVT BMK BID YLD 10Y - RED. YIELD,RF SLOVAKIA GVT BMK BID YLD 10Y - RED. YIELD,RFV DEM 6M IRS 10Y - MIDDLE RATE,
25-11-2022,2.563,2.499,4.058,1.97,2.954,2.54,2.44,4.174,2.405,3.859,3.803,,0.549,2.595,2.259,2.905,3.085,3.332,2.678,
28-11-2022,2.58,2.537,4.071,1.993,2.992,2.572,2.62,4.221,2.437,3.916,3.794,,0.549,2.676,2.289,2.94,3.193,3.33,2.691,
29-11-2022,2.509,2.453,3.991,1.913,2.914,2.472,2.538,4.159,2.371,3.821,3.744,,0.549,2.662,2.204,2.85,3.074,3.281,2.671,
30-11-2022,2.552,2.482,4.01,1.946,2.963,2.523,2.416,4.165,2.389,3.887,3.715,,0.549,2.706,2.239,2.904,3.126,3.215,2.6055,
01-12-2022,2.423,2.341,4.01,1.824,2.829,2.401,2.276,3.893,2.258,3.73,3.679,,0.549,2.699,2.113,2.756,3.007,3.068,2.541,
02-12-2022,2.454,2.363,3.943,1.855,2.869,2.435,2.31,3.87,2.309,3.769,3.667,,0.549,2.677,2.149,2.794,2.937,3.1,2.5445,
05-12-2022,2.47,2.415,3.943,1.876,2.876,2.447,2.316,3.872,2.32,3.747,4.65,,0.549,2.759,2.169,2.805,3.019,3.095,2.599,
06-12-2022,2.401,2.378,3.901,1.799,2.801,2.447,2.252,3.793,2.255,3.661,4.65,,0.549,2.747,2.095,2.726,2.988,3.042,2.536,
07-12-2022,2.389,2.342,3.856,1.787,2.776,2.378,2.244,3.71,2.241,3.614,4.65,,0.549,2.67,2.083,2.701,3.001,3.035,2.536,
08-12-2022,2.431,2.372,3.876,1.819,2.829,2.403,2.297,3.798,2.28,3.694,4.65,,0.549,2.67,2.112,2.76,2.978,3.064,2.545,
09-12-2022,2.534,2.493,3.922,1.925,2.944,2.514,2.388,3.982,2.384,3.803,4.65,,0.549,2.745,2.218,2.859,3.047,3.119,2.611,
12-12-2022,2.545,2.495,3.905,1.934,2.962,2.522,2.402,3.956,2.401,3.821,3.482,,0.549,2.794,2.225,2.874,3.069,3.129,2.623,
13-12-2022,2.531,2.467,3.869,1.904,2.923,2.51,2.39,3.954,2.38,3.782,3.462,,0.549,2.794,2.19,2.834,3.102,3.107,2.629,
14-12-2022,2.548,2.506,3.844,1.932,2.968,2.527,2.417,4.034,2.385,3.855,3.458,,0.549,2.793,2.223,2.889,3.17,3.14,2.599,
15-12-2022,2.703,2.68,3.975,2.083,3.161,2.686,2.589,4.144,2.573,4.154,4.65,,0.549,2.834,2.379,3.088,3.132,3.318,2.71,
16-12-2022,2.814,2.771,4.118,2.165,3.263,2.777,2.689,4.307,2.661,4.299,4.65,,0.549,3.04,2.492,3.195,3.429,3.374,2.816,
19-12-2022,2.835,2.806,4.128,2.197,3.287,2.789,2.717,4.339,2.71,4.374,4.65,,0.549,3.039,2.533,3.227,3.435,3.393,2.8325,
20-12-2022,2.952,2.913,4.194,2.299,3.404,2.907,2.837,4.448,2.819,4.47,4.65,,0.549,3.134,2.636,3.361,3.512,3.495,2.943,
21-12-2022,2.939,2.911,4.199,2.297,3.385,2.888,2.832,4.455,2.833,4.421,4.65,,0.549,3.157,2.636,3.334,3.536,3.486,2.991,
22-12-2022,2.989,2.976,4.244,2.365,3.434,2.965,2.905,4.512,2.882,4.475,4.65,,0.549,3.136,2.698,3.39,3.596,3.576,3.025,
23-12-2022,3.005,3.065,4.275,2.392,3.472,2.994,2.931,4.534,2.916,4.508,4.65,,0.549,3.214,2.722,3.413,3.636,3.579,3.058,
26-12-2022,3.005,3.065,4.275,2.392,3.472,2.994,2.931,4.534,2.916,4.508,4.65,,0.549,3.214,2.722,3.413,3.636,3.579,3.058,
27-12-2022,3.154,3.117,4.224,2.513,3.572,3.115,3.045,4.584,3.057,4.622,4.65,,0.549,3.267,2.851,3.515,3.749,3.702,3.1645,
28-12-2022,3.148,3.145,4.25,2.507,3.586,3.079,3.051,4.59,3.034,4.65,4.65,,0.549,3.29,2.853,3.536,3.72,3.669,3.139,
29-12-2022,3.105,3.081,4.25,2.464,3.533,3.027,2.996,4.564,2.955,4.547,4.65,,0.549,3.31,2.811,3.481,3.758,3.53,3.077,
30-12-2022,3.208,3.194,4.151,2.562,3.648,3.095,3.107,4.592,3.121,4.692,4.65,,0.549,3.289,2.911,3.599,3.753,3.646,3.196,
02-01-2023,3.085,3.067,4.231,2.447,3.526,3.061,2.989,4.657,2.967,4.562,4.65,,0.549,3.289,2.798,3.473,3.753,3.592,3.073,
03-01-2023,3.015,2.98,4.222,2.376,3.443,2.954,2.905,4.616,2.91,4.48,4.65,,0.549,3.255,2.724,3.403,3.646,3.474,2.993,
04-01-2023,2.893,2.868,4.176,2.279,3.321,2.883,2.792,4.511,2.783,4.294,4.65,,0.549,3.084,2.626,3.283,3.592,3.337,2.88,
05-01-2023,2.925,2.899,4.213,2.308,3.366,2.891,2.82,4.449,2.829,4.329,4.65,,0.549,3.107,2.655,3.32,3.559,3.38,2.9275,
06-01-2023,2.825,2.804,4.213,2.209,3.26,2.891,2.716,4.449,2.713,4.214,4.65,,0.549,3.11,2.566,3.225,3.557,3.38,2.842,
09-01-2023,2.837,2.817,4.142,2.214,3.258,2.813,2.715,4.452,2.719,4.167,4.65,,0.549,3.059,2.562,3.195,3.512,3.292,2.856,
10-01-2023,2.923,2.885,3.997,2.301,3.329,2.903,2.798,4.376,2.782,4.21,4.65,,0.549,3.052,2.64,3.26,3.492,3.372,2.918,
11-01-2023,2.801,2.755,3.919,2.185,3.198,2.747,2.678,4.194,2.629,4.045,4.65,,0.549,3.014,2.504,3.122,3.366,3.21,2.787,
12-01-2023,2.75,2.685,3.759,2.132,3.149,2.698,2.623,4.045,2.585,3.993,4.65,,0.549,2.885,2.456,3.081,3.259,3.111,2.7015,
13-01-2023,2.742,2.693,4.19,2.143,3.149,2.724,2.621,4.087,2.592,3.986,4.65,,0.549,2.874,2.455,3.075,3.202,3.161,2.724,
16-01-2023,2.757,2.717,4.336,2.195,3.159,2.743,2.64,4.147,2.6,4.014,4.65,,0.549,2.913,2.484,3.095,3.28,3.157,2.723,
17-01-2023,2.66,2.627,4.253,2.089,3.062,2.614,2.538,4.178,2.486,3.89,4.65,,0.549,2.92,2.396,3.002,3.251,3.005,2.636,
18-01-2023,2.557,2.526,4.047,2.008,2.945,2.498,2.436,3.998,2.41,3.736,4.65,,0.549,2.816,2.306,2.881,3.092,2.976,2.606,
19-01-2023,2.606,2.563,4.069,2.053,3.017,2.566,2.483,4.032,2.447,3.772,4.65,,0.549,2.705,2.345,2.909,3.104,2.993,2.63,
20-01-2023,2.732,2.705,4.2,2.171,3.155,2.677,2.62,4.126,2.595,3.974,4.65,,0.549,2.771,2.477,3.057,3.165,3.111,2.747,
23-01-2023,2.76,2.832,4.021,2.201,3.197,2.724,2.655,4.2,2.625,4.017,4.65,,0.549,2.856,2.501,3.095,3.243,3.172,2.799,
24-01-2023,2.717,2.785,3.894,2.159,3.129,2.698,2.596,4.264,2.57,3.92,4.65,,0.549,2.887,2.463,3.032,3.258,3.055,2.773,
25-01-2023,2.717,2.788,3.887,2.158,3.146,2.686,2.603,4.264,2.583,4.088,4.65,,0.549,2.817,2.472,3.042,3.184,3.08,2.773,
26-01-2023,2.79,2.866,3.889,2.214,3.215,2.766,2.678,4.216,2.665,4.163,4.65,,0.549,2.836,2.532,3.103,3.306,3.16,2.806,
27-01-2023,2.813,2.911,3.939,2.245,3.268,2.789,2.71,4.265,2.691,4.231,4.65,,0.549,2.94,2.562,3.162,3.409,3.193,2.832,
30-01-2023,2.897,2.987,3.983,2.306,3.346,2.852,2.776,4.307,2.799,4.312,4.65,,0.549,2.94,2.629,3.237,3.478,3.228,2.901,
31-01-2023,2.906,2.931,3.974,2.276,3.319,2.828,2.744,4.317,2.743,4.266,4.65,,0.549,2.964,2.608,3.197,3.493,3.19,2.873,
01-02-2023,2.919,2.945,3.992,2.291,3.337,2.841,2.76,4.31,2.728,4.291,4.65,,0.549,2.932,2.616,3.222,3.428,3.194,2.851,
02-02-2023,2.696,2.698,3.812,2.065,3.039,2.588,2.51,4.087,2.484,3.889,4.65,,0.549,2.914,2.371,2.918,3.283,2.937,2.643,
03-02-2023,2.827,2.832,3.961,2.195,3.166,2.76,2.644,4.02,2.609,4.023,4.65,,0.549,2.756,2.499,3.056,3.23,3.053,2.754,
06-02-2023,2.915,2.92,4.035,2.284,3.297,2.853,2.739,4.16,2.72,4.147,4.65,,0.549,2.905,2.591,3.139,3.378,3.168,2.873,
07-02-2023,2.938,2.945,4.042,2.311,3.331,2.87,2.761,4.21,2.76,4.187,4.65,,0.549,2.942,2.602,3.179,3.398,3.236,2.897,
08-02-2023,2.991,3.007,4.122,2.367,3.393,2.904,2.817,4.244,2.791,4.241,4.65,,0.549,2.997,2.657,3.238,3.398,3.237,2.884,
09-02-2023,2.939,2.947,4.021,2.311,3.329,2.88,2.767,4.164,2.74,4.134,4.65,,0.549,2.945,2.602,3.169,3.36,3.179,2.8845,
10-02-2023,2.996,3,4.061,2.367,3.403,2.905,2.832,4.211,2.816,4.215,4.65,,0.549,2.945,2.658,3.248,3.455,3.253,2.898,
13-02-2023,2.981,2.997,4.07,2.374,3.397,2.91,2.834,4.211,2.817,4.183,4.65,,0.549,3.001,2.66,3.237,3.47,3.271,2.908,
14-02-2023,3.066,3.069,4.082,2.446,3.456,2.961,2.905,4.235,2.892,4.233,4.65,,0.549,2.955,2.731,3.31,3.485,3.324,2.983,
15-02-2023,3.106,3.111,4.177,2.474,3.522,3.001,2.944,4.239,2.935,4.33,4.65,,0.549,3.003,2.763,3.371,3.586,3.37,3.02,
16-02-2023,3.115,3.117,4.224,2.483,3.529,3.023,2.946,4.311,2.93,4.335,4.65,,0.549,3.011,2.773,3.382,3.646,3.337,3.017,
17-02-2023,3.094,3.103,4.223,2.46,3.506,2.993,2.91,4.326,2.898,4.311,4.65,,0.549,3.028,2.742,3.36,3.676,3.337,2.991,
20-02-2023,3.095,3.107,4.215,2.459,3.51,3.008,2.928,4.324,2.927,4.338,4.65,,0.549,2.974,2.75,3.351,3.625,3.372,3.0175,
21-02-2023,3.186,3.202,4.24,2.538,3.607,3.083,3.019,4.417,3.02,4.472,4.65,,0.549,3.017,2.834,3.443,3.689,3.51,3.086,
22-02-2023,3.164,3.181,4.284,2.514,3.584,3.066,2.998,4.438,3.013,4.462,4.65,,0.549,3.044,2.82,3.431,3.711,3.502,3.101,
23-02-2023,3.114,3.132,4.215,2.475,3.518,3.024,2.951,4.408,2.966,4.369,4.65,,0.549,3.676,2.773,3.359,3.738,3.473,3.071,
24-02-2023,3.176,3.206,4.288,2.529,3.582,3.087,3.009,4.413,3.026,4.433,4.65,,0.549,3.611,2.84,3.424,3.695,3.534,3.129,
27-02-2023,3.227,3.248,4.288,2.587,3.626,3.119,3.062,4.413,3.061,4.432,4.65,,0.549,3.697,2.893,3.473,3.766,3.567,3.179,
28-02-2023,3.276,3.297,4.288,2.634,3.673,3.175,3.11,4.424,3.129,4.469,4.65,,0.549,3.754,2.947,3.515,3.83,3.625,3.243,
01-03-2023,3.347,3.366,4.294,2.714,3.748,3.288,3.197,4.479,3.194,4.564,4.65,,0.549,3.791,3.021,3.591,3.847,3.656,3.282,
02-03-2023,3.413,3.408,4.282,2.754,3.796,3.304,3.244,4.527,3.242,4.631,4.65,,0.549,3.821,3.064,3.643,3.873,3.704,3.32,
03-03-2023,3.361,3.379,4.291,2.714,3.741,3.279,3.205,4.482,3.211,4.538,4.65,,0.549,3.809,3.027,3.592,3.863,3.723,3.279,
06-03-2023,3.373,3.389,4.307,2.727,3.751,3.281,3.224,4.519,3.253,4.55,4.65,,0.549,3.76,3.04,3.616,3.815,3.738,3.287,
07-03-2023,3.339,3.357,4.295,2.695,3.728,3.246,3.193,4.505,3.191,4.537,4.65,,0.549,3.778,3.011,3.585,3.812,3.704,3.239,
08-03-2023,3.283,3.308,4.255,2.645,3.654,3.188,3.141,4.478,3.136,4.42,4.45,,0.549,3.825,2.959,3.516,3.822,3.656,3.197,
09-03-2023,3.282,3.297,4.242,2.641,3.648,3.204,3.141,4.448,3.083,4.39,4.45,,0.549,3.798,2.959,3.506,3.805,3.652,3.189,
10-03-2023,3.136,3.157,4.101,2.496,3.529,3.028,3.005,4.319,2.967,4.32,4.4,,0.549,3.647,2.825,3.39,3.635,3.585,3.065,
13-03-2023,2.946,2.986,3.989,2.282,3.379,2.848,2.825,4.251,2.764,4.204,3.974,,0.549,3.573,2.653,3.237,3.327,3.417,2.957,
14-03-2023,3.132,3.15,4.129,2.454,3.52,3.033,2.982,4.346,2.9,4.306,3.985,,0.549,3.5,2.818,3.358,3.477,3.605,3.054,
15-03-2023,2.818,2.868,4.123,2.118,3.246,2.74,2.677,4.259,2.658,4.093,3.976,,0.549,3.464,2.488,3.094,3.364,3.398,2.927,
16-03-2023,2.932,2.969,4.425,2.243,3.34,2.843,2.797,4.241,2.793,4.156,3.978,,0.549,3.474,2.619,3.192,3.395,3.544,2.989,
17-03-2023,2.823,2.86,4.097,2.123,3.228,2.708,2.693,4.137,2.618,4.055,3.963,,0.549,3.473,2.517,3.069,3.332,3.48,2.854,
20-03-2023,2.768,2.816,4.115,2.099,3.181,2.701,2.651,4.089,2.612,3.987,3.956,,0.549,3.266,2.494,3.014,3.276,3.477,2.867,
21-03-2023,2.942,2.991,4.215,2.278,3.325,2.854,2.804,4.206,2.754,4.106,3.969,,0.549,3.42,2.652,3.144,3.399,3.665,2.951,
22-03-2023,2.986,3.032,4.122,2.329,3.372,2.916,2.853,4.252,2.767,4.179,3.977,,0.549,3.555,2.702,3.211,3.518,3.713,2.996,
23-03-2023,2.834,2.881,4.16,2.186,3.236,2.75,2.714,4.214,2.638,4.049,3.963,,0.549,3.497,2.557,3.072,3.403,3.56,2.912,
24-03-2023,2.776,2.827,3.865,2.125,3.184,2.695,2.661,4.076,2.552,4.013,4.15,,0.549,3.373,2.499,3.023,3.15,3.447,2.859,
27-03-2023,2.88,2.906,3.856,2.227,3.259,2.786,2.746,4.157,2.646,4.064,3.914,,0.549,3.402,2.587,3.112,3.308,3.584,2.919,
28-03-2023,2.938,2.967,3.912,2.284,3.327,2.869,2.806,4.202,2.716,4.134,3.959,,0.549,3.521,2.642,3.182,3.366,3.641,2.972,
29-03-2023,2.953,2.979,3.912,2.305,3.329,2.878,2.818,4.238,2.755,4.138,3.963,,0.549,3.519,2.655,3.183,3.344,3.643,2.989,
30-03-2023,3.017,3.032,4.032,2.366,3.395,2.934,2.873,4.32,2.813,4.222,3.974,,0.549,3.458,2.714,3.24,3.332,3.756,3.0095,
31-03-2023,2.957,2.973,4.02,2.31,3.325,2.882,2.818,4.253,2.748,4.123,3.976,,0.549,3.458,2.663,3.158,3.359,3.618,2.961,
03-04-2023,2.898,2.906,3.896,2.241,3.268,2.808,2.752,4.242,2.724,4.092,4.2,,0.549,3.549,2.59,3.103,3.312,3.625,2.916,
04-04-2023,2.923,2.941,3.896,2.266,3.298,2.84,2.78,4.238,2.714,4.127,4.2,,0.549,3.5,2.619,3.135,3.353,3.607,2.905,
05-04-2023,2.841,2.857,3.93,2.179,3.215,2.749,2.693,4.137,2.64,4.021,4.2,,0.549,3.494,2.541,3.054,3.278,3.542,2.841,
06-04-2023,2.847,2.864,3.839,2.181,3.225,2.749,2.701,4.092,2.625,4.024,4.2,,0.549,3.44,2.551,3.064,3.157,3.578,2.845,
07-04-2023,2.847,2.887,3.839,2.181,3.225,2.749,2.701,4.092,2.625,4.024,4.2,,0.549,3.44,2.551,3.064,3.157,3.578,2.8388,
10-04-2023,2.847,2.887,3.839,2.181,3.225,2.749,2.701,4.092,2.625,4.024,4.2,,0.549,3.44,2.551,3.064,3.157,3.578,2.8388,
11-04-2023,2.972,2.99,3.927,2.304,3.356,2.875,2.822,4.211,2.786,4.162,4.2,,0.549,3.488,2.67,3.181,3.254,3.634,2.952,
12-04-2023,3.019,3.039,4.001,2.36,3.405,2.934,2.875,4.247,2.813,4.211,4.2,,0.549,3.555,2.729,3.23,3.274,3.668,3.001,
13-04-2023,3.016,3.054,3.985,2.371,3.416,2.942,2.89,4.273,2.799,4.225,4.2,,0.549,3.583,2.746,3.247,3.308,3.695,3,
14-04-2023,3.087,3.112,3.985,2.431,3.472,3.009,2.943,4.273,2.864,4.286,4.2,,0.549,3.604,2.808,3.3,3.3,3.741,3.0285,
17-04-2023,3.121,3.152,3.985,2.48,3.51,3.072,2.979,4.273,2.88,4.323,4.2,,0.549,3.659,2.844,3.337,3.38,3.77,3.08,
18-04-2023,3.103,3.135,3.985,2.47,3.486,3.024,2.966,4.324,2.879,4.288,3.993,,0.549,3.677,2.817,3.319,3.411,3.771,3.092,
19-04-2023,3.143,3.177,4.136,2.504,3.535,3.093,3.008,4.321,2.919,4.354,4.016,,0.549,3.7,2.861,3.364,3.41,3.815,3.139,
20-04-2023,3.096,3.125,4.113,2.444,3.486,3.02,2.956,4.323,2.865,4.315,4.004,,0.549,3.654,2.803,3.311,3.409,3.771,3.094,
21-04-2023,3.138,3.168,4.124,2.486,3.525,3.057,2.995,4.317,2.888,4.359,4.003,,0.549,3.674,2.856,3.332,3.402,3.847,3.119,
24-04-2023,3.138,3.169,4.121,2.49,3.526,3.071,3.057,4.279,2.917,4.363,4.001,,0.549,3.655,2.849,3.335,3.408,3.823,3.149,
25-04-2023,3.021,3.062,4.02,2.378,3.428,2.963,2.95,4.25,2.79,4.268,3.982,,0.549,3.65,2.735,3.232,3.361,3.699,3.045,
26-04-2023,3.057,3.065,4.019,2.385,3.434,2.976,2.959,4.219,2.805,4.261,3.955,,0.549,3.558,2.758,3.235,3.248,3.722,3.068,
27-04-2023,3.129,3.145,4.115,2.453,3.504,3.048,3.03,4.283,2.849,4.35,3.974,,0.549,3.608,2.829,3.309,3.248,3.775,3.104,
28-04-2023,2.987,3.008,3.985,2.32,3.365,2.929,2.893,4.213,2.701,4.181,3.962,,0.549,3.566,2.686,3.155,3.244,3.67,2.985,
01-05-2023,2.987,3.008,3.985,2.32,3.365,2.929,2.893,4.213,2.701,4.181,3.962,,0.549,3.566,2.686,3.155,3.244,3.67,2.979,
02-05-2023,2.927,2.957,3.977,2.252,3.321,2.87,2.847,4.247,2.674,4.161,3.925,,0.549,3.587,2.637,3.115,3.244,3.644,2.946,
03-05-2023,2.907,2.942,3.982,2.25,3.322,2.863,2.839,4.099,2.696,4.13,4.1,,0.549,3.477,2.625,3.111,3.131,3.557,2.931,
04-05-2023,2.869,2.905,3.941,2.197,3.296,2.805,2.802,4.125,2.659,4.124,3.904,,0.549,3.489,2.574,3.07,3.166,3.547,2.887,
05-05-2023,2.97,2.987,4.001,2.293,3.38,2.884,2.885,4.059,2.742,4.2,3.856,,0.549,3.495,2.669,3.155,3.162,3.623,2.96,
08-05-2023,2.978,3.015,4.027,2.319,3.404,2.918,2.911,4.083,2.78,4.236,4.3,,0.549,3.538,2.694,3.181,3.215,3.623,2.986,
09-05-2023,3.025,3.043,4.038,2.337,3.435,2.944,2.935,4.125,2.813,4.268,4.3,,0.549,3.572,2.717,3.204,3.198,3.768,3.012,
10-05-2023,2.983,3.003,3.982,2.295,3.38,2.894,2.882,4.093,2.746,4.212,4.3,,0.549,3.601,2.675,3.147,3.204,3.634,2.959,
11-05-2023,2.899,2.919,3.929,2.217,3.304,2.824,2.8,4.025,2.683,4.117,4.3,,0.549,3.514,2.596,3.059,3.127,3.629,2.896,
12-05-2023,2.947,2.97,3.979,2.266,3.352,2.869,2.849,4.012,2.753,4.17,4.3,,0.549,3.513,2.642,3.106,3.141,3.637,2.94,
15-05-2023,2.984,3.014,3.995,2.31,3.38,2.909,2.891,4.006,2.781,4.189,4.35,,0.549,3.544,2.68,3.138,3.18,3.685,2.953,
16-05-2023,3.031,3.058,4.001,2.34,3.414,2.943,2.933,4.031,2.826,4.217,4.35,,0.549,3.522,2.723,3.162,3.166,3.687,2.999,
17-05-2023,3.026,3.045,4.044,2.338,3.395,2.931,2.919,3.975,2.803,4.188,4.35,,0.549,3.594,2.718,3.151,3.197,3.68,2.997,
18-05-2023,3.136,3.158,4.113,2.413,3.514,2.931,3.038,4.037,2.89,4.308,4.35,,0.549,3.635,2.824,3.257,3.297,3.822,3.1,
19-05-2023,3.111,3.128,4.11,2.423,3.468,3.024,3.006,4.06,2.87,4.257,3.93,,0.549,3.701,2.803,3.222,3.365,3.776,3.077,
22-05-2023,3.137,3.15,4.153,2.451,3.501,3.066,3.028,3.902,2.875,4.302,4.5,,0.549,3.674,2.833,3.242,3.305,3.793,3.102,
23-05-2023,3.151,3.165,4,2.463,3.515,3.073,3.04,3.9,2.876,4.319,4.5,,0.549,3.715,2.836,3.242,3.374,3.81,3.118,
24-05-2023,3.141,3.159,4.073,2.452,3.519,3.067,3.034,3.895,2.885,4.322,4.5,,0.549,3.749,2.822,3.226,3.327,3.79,3.121,
25-05-2023,3.157,3.199,4.097,2.489,3.555,3.089,3.074,3.891,2.939,4.346,4.5,,0.549,3.73,2.861,3.247,3.369,3.829,3.172,
26-05-2023,3.195,3.24,4.082,2.539,3.604,3.147,3.118,3.94,2.977,4.397,4.5,,0.549,3.8,2.906,3.291,3.393,3.827,3.179,
29-05-2023,3.112,3.139,3.954,2.433,3.497,3.031,3.001,3.88,2.866,4.278,4.5,,0.549,3.784,2.81,3.173,3.334,3.738,3.083,
30-05-2023,3.004,3.024,3.936,2.34,3.409,2.926,3.001,3.827,2.786,4.175,4.45,,0.549,3.678,2.712,3.078,3.274,3.592,2.996,
31-05-2023,2.94,2.958,3.875,2.269,3.334,2.851,2.84,3.774,2.739,4.093,4.35,,0.549,3.552,2.641,3.018,3.158,3.559,2.954,
01-06-2023,2.942,2.939,3.853,2.26,3.3,2.847,2.828,3.745,2.688,4.009,4.35,,0.549,3.593,2.618,2.982,3.2,3.504,2.91,
02-06-2023,2.979,2.984,3.855,2.308,3.312,2.889,2.858,3.704,2.75,3.975,4.35,,0.549,3.541,2.673,3.004,3.192,3.599,2.955,
05-06-2023,3.045,3.048,3.855,2.374,3.374,2.943,2.924,3.704,2.81,4.049,4.35,,0.549,3.62,2.734,3.069,3.28,3.644,3.001,
06-06-2023,3.041,3.044,3.851,2.37,3.372,2.955,2.923,3.757,2.776,4.175,4.35,,0.549,3.607,2.734,3.076,3.229,3.624,2.9725,
07-06-2023,3.114,3.121,3.884,2.443,3.454,3.016,2.997,3.732,2.845,4.252,4.35,,0.549,3.607,2.805,3.163,3.279,3.736,3.068,
08-06-2023,3.095,3.103,3.857,2.422,3.425,3.017,2.977,3.715,2.795,4.216,4.35,,0.549,3.718,2.784,3.159,3.376,3.652,3.008,
09-06-2023,3.053,3.054,3.842,2.38,3.361,2.967,2.928,3.663,2.757,4.119,4.35,,0.549,3.67,2.746,3.095,3.313,3.665,2.981,
12-06-2023,3.023,3.04,3.809,2.382,3.334,2.948,2.913,3.712,2.749,4.059,4.35,,0.549,3.634,2.738,3.07,3.26,3.656,2.981,
13-06-2023,3.071,3.085,3.802,2.426,3.375,2.982,2.952,3.707,2.783,4.067,4.35,,0.549,3.624,2.772,3.107,3.275,3.697,3.017,
14-06-2023,3.098,3.109,3.844,2.445,3.407,3.017,2.975,3.774,2.816,4.096,4.35,,0.549,3.672,2.79,3.139,3.375,3.714,3.036,
15-06-2023,3.151,3.157,3.893,2.505,3.446,3.072,3.026,3.849,2.864,4.141,4.35,,0.549,3.716,2.847,3.176,3.52,3.781,3.089,
16-06-2023,3.088,3.106,3.88,2.464,3.378,3.008,2.97,3.785,2.82,4.036,4.35,,0.549,3.737,2.785,3.106,3.455,3.708,3.06,
19-06-2023,3.152,3.149,3.927,2.517,3.44,3.069,3.032,3.819,2.879,4.129,4.35,,0.549,3.675,2.855,3.166,3.545,3.791,3.105,
20-06-2023,3.05,3.04,3.853,2.406,3.344,2.975,2.928,3.723,2.776,4.028,4.45,,0.549,3.69,2.749,3.087,3.474,3.633,3.005,
21-06-2023,3.074,3.073,3.822,2.429,3.37,2.99,2.958,3.74,2.813,4.052,4.45,,0.549,3.675,2.774,3.121,3.414,3.714,3.037,
22-06-2023,3.123,3.147,3.867,2.486,3.444,3.062,3.02,3.724,2.882,4.126,4.45,,0.549,3.665,2.842,3.18,3.412,3.758,3.094,
23-06-2023,2.987,3.015,3.733,2.359,3.322,3.062,2.887,3.6,2.743,3.999,4.45,,0.549,3.659,2.712,3.056,3.288,3.557,2.969,
26-06-2023,2.951,2.982,3.701,2.3,3.269,2.869,2.834,3.564,2.704,3.94,4.45,,0.549,3.636,2.647,3.023,3.218,3.555,2.932,
27-06-2023,3.013,3.023,3.718,2.365,3.328,2.933,2.892,3.556,2.764,4.003,4.32,,0.549,3.621,2.708,3.064,3.22,3.574,2.982,
28-06-2023,2.96,2.976,3.701,2.314,3.293,2.892,2.846,3.606,2.727,3.977,4.32,,0.549,3.652,2.66,3.045,3.224,3.517,2.947,
29-06-2023,3.069,3.072,3.815,2.413,3.404,2.981,2.95,3.692,2.849,4.091,4.35,,0.549,3.652,2.752,3.137,3.237,3.611,3.034,
30-06-2023,3.047,3.056,3.797,2.394,3.385,2.96,2.935,3.722,2.819,4.072,4.35,,0.549,3.727,2.739,3.133,3.307,3.629,3.008,
03-07-2023,3.081,3.095,3.785,2.432,3.441,3.006,2.979,3.716,2.859,4.148,4.35,,0.549,3.696,2.779,3.186,3.292,3.686,3.049,
04-07-2023,3.096,3.123,3.845,2.455,3.471,3.028,3.002,3.792,2.884,4.203,4.37,,0.549,3.778,2.817,3.207,3.349,3.709,3.0505,
05-07-2023,3.109,3.138,3.807,2.479,3.532,3.035,3.022,3.774,2.9,4.17,4.37,,0.549,3.779,2.833,3.208,3.316,3.709,3.101,
06-07-2023,3.283,3.306,3.927,2.628,3.699,3.209,3.191,3.953,3.068,4.383,4.37,,0.549,3.809,2.992,3.381,3.406,3.9,3.247,
07-07-2023,3.28,3.297,3.948,2.636,3.686,3.197,3.188,3.993,3.066,4.358,4.37,,0.549,3.888,2.989,3.362,3.507,3.921,3.258,
10-07-2023,3.274,3.299,3.947,2.632,3.68,3.208,3.188,4.074,3.07,4.364,4.14,,0.549,3.889,2.99,3.378,3.532,3.895,3.253,
11-07-2023,3.294,3.323,3.932,2.649,3.715,3.217,3.21,4.09,3.085,4.419,4.5,,0.549,3.887,3.017,3.417,3.488,3.899,3.259,
12-07-2023,3.197,3.217,3.863,2.548,3.602,3.121,3.106,4.029,2.974,4.277,4.5,,0.549,3.89,2.913,3.308,3.498,3.839,3.165,
13-07-2023,3.109,3.136,3.693,2.465,3.507,3.034,3.021,3.899,2.882,4.155,4.45,,0.549,3.736,2.83,3.206,3.333,3.747,3.08,
14-07-2023,3.124,3.151,3.739,2.475,3.529,3.043,3.037,3.963,2.913,4.173,4.45,,0.549,3.731,2.839,3.229,3.431,3.804,3.111,
17-07-2023,3.093,3.134,3.718,2.453,3.518,3.03,3.013,3.961,2.89,4.171,4.43,,0.549,3.749,2.82,3.225,3.417,3.754,3.076,
18-07-2023,2.99,3.024,3.615,2.348,3.386,2.899,2.905,3.809,2.786,4.013,4.38,,0.549,3.664,2.714,3.088,3.328,3.645,2.982,
19-07-2023,3.053,3.076,3.641,2.397,3.439,2.986,2.96,3.79,2.832,4.074,4.37,,0.549,3.584,2.761,3.141,3.299,3.71,3.0085,
20-07-2023,3.101,3.128,3.685,2.45,3.484,3.047,3.012,3.839,2.892,4.112,4.39,,0.549,3.678,2.81,3.188,3.372,3.758,3.097,
21-07-2023,3.076,3.101,3.684,2.428,3.463,3.025,2.986,3.797,2.867,4.069,4.39,,0.549,3.713,2.788,3.161,3.396,3.729,3.085,
24-07-2023,3.039,3.061,3.648,2.389,3.434,2.99,2.947,3.752,2.82,4.024,4.41,,0.549,3.67,2.747,3.126,3.312,3.659,3.036,
25-07-2023,3.044,3.077,3.667,2.401,3.454,3.001,2.963,3.759,2.822,4.073,4.4,,0.549,3.674,2.773,3.154,3.349,3.654,3.032,
26-07-2023,3.109,3.133,3.683,2.455,3.509,3.051,3.012,3.765,2.883,4.111,4.4,,0.549,3.68,2.815,3.206,3.337,3.738,3.08,
27-07-2023,3.067,3.128,3.661,2.435,3.472,3.038,2.992,3.732,2.865,4.065,4.389,,0.549,3.7,2.784,3.174,3.348,3.708,3.071,
28-07-2023,3.104,3.134,3.666,2.455,3.506,3.053,3.026,3.818,2.892,4.105,4.377,,0.549,3.733,2.804,3.202,3.323,3.632,3.085,
31-07-2023,3.119,3.136,3.665,2.467,3.516,3.057,3.03,3.772,2.894,4.11,4.02,,0.549,3.733,2.822,3.222,3.369,3.721,3.078,
01-08-2023,3.165,3.194,3.675,2.523,3.578,3.125,3.094,3.844,2.972,4.187,3.989,,0.549,3.703,2.882,3.299,3.404,3.787,3.138,
02-08-2023,3.155,3.185,3.693,2.507,3.579,3.1,3.081,3.8,2.942,4.192,4.01,,0.549,3.751,2.87,3.281,3.396,3.791,3.124,
03-08-2023,3.188,3.224,3.725,2.554,3.62,3.138,3.116,3.887,2.995,4.249,4.038,,0.549,3.785,2.925,3.32,3.454,3.828,3.1875,
04-08-2023,3.168,3.212,3.784,2.538,3.599,3.136,3.102,3.838,2.967,4.226,4.034,,0.549,3.815,2.901,3.295,3.524,3.834,3.146,
07-08-2023,3.181,3.231,3.797,2.561,3.629,3.17,3.124,3.892,2.991,4.254,4.034,,0.549,3.763,2.923,3.321,3.506,3.798,3.203,
08-08-2023,3.071,3.121,3.756,2.442,3.509,3.029,3,3.8,2.859,4.135,4.024,,0.549,3.692,2.805,3.213,3.335,3.726,3.08,
09-08-2023,3.097,3.144,3.803,2.466,3.523,3.057,3.027,3.845,2.892,4.146,4.02,,0.549,3.671,2.838,3.22,3.444,3.74,3.094,
10-08-2023,3.139,3.183,3.797,2.503,3.548,3.095,3.066,3.813,2.935,4.147,4.028,,0.549,3.709,2.875,3.267,3.449,3.787,3.122,
11-08-2023,3.232,3.27,3.893,2.621,3.635,3.185,3.155,3.911,3.02,4.253,4.056,,0.549,3.755,2.955,3.332,3.497,3.872,3.219,
14-08-2023,3.242,3.293,3.915,2.637,3.651,3.205,3.175,3.928,3.042,4.278,4.355,,0.549,3.786,2.971,3.348,3.497,3.832,3.23,
15-08-2023,3.288,3.34,3.915,2.677,3.712,3.258,3.222,3.928,3.088,4.357,4.355,,0.549,3.786,3.016,3.404,3.497,3.894,3.271,
16-08-2023,3.257,3.307,3.97,2.643,3.694,3.223,3.187,3.966,3.066,4.348,4.198,,0.549,3.824,2.982,3.398,3.592,3.901,3.243,
17-08-2023,3.313,3.364,4.02,2.699,3.754,3.277,3.246,4.002,3.114,4.411,4.246,,0.549,3.861,3.045,3.439,3.638,3.959,3.2785,
18-08-2023,3.235,3.293,3.946,2.62,3.678,3.205,3.17,3.963,3.029,4.326,4.239,,0.549,3.8,2.969,3.362,3.549,3.852,3.227,
21-08-2023,3.313,3.358,4.013,2.706,3.756,3.289,3.248,4.019,3.11,4.406,4.245,,0.549,3.81,3.053,3.45,3.616,3.963,3.293,
22-08-2023,3.249,3.323,3.983,2.655,3.689,3.226,3.183,3.99,3.037,4.32,4.249,,0.549,3.854,3.001,3.38,3.613,3.944,3.23,
23-08-2023,3.133,3.168,3.85,2.52,3.546,3.101,3.051,3.867,2.903,4.174,4.165,,0.549,3.774,2.867,3.231,3.485,3.775,3.113,
24-08-2023,3.136,3.174,3.844,2.523,3.55,3.098,3.054,3.856,2.902,4.187,4.156,,0.549,3.676,2.862,3.238,3.481,3.737,3.112,
25-08-2023,3.161,3.224,3.902,2.556,3.583,3.132,3.089,3.886,2.95,4.232,4.162,,0.549,3.723,2.894,3.291,3.493,3.778,3.158,
28-08-2023,3.167,3.205,3.895,2.566,3.587,3.134,3.092,3.89,2.963,4.232,4.185,,0.549,3.757,2.903,3.282,3.519,3.833,3.156,
29-08-2023,3.12,3.161,3.856,2.51,3.527,3.076,3.034,3.884,2.909,4.155,4.16,,0.549,3.737,2.845,3.219,3.508,3.833,3.093,
30-08-2023,3.145,3.163,3.877,2.536,3.549,3.1,3.059,3.868,2.965,4.185,4.139,,0.549,3.75,2.867,3.246,3.564,3.826,3.118,
31-08-2023,3.059,3.091,3.8,2.471,3.488,3.024,2.993,3.799,2.848,4.127,4.125,,0.549,3.697,2.801,3.209,3.477,3.749,3.035,
01-09-2023,3.145,3.17,3.855,2.545,3.569,3.092,3.07,3.816,2.933,4.234,4.101,,0.549,3.689,2.882,3.273,3.365,3.749,3.1175,
04-09-2023,3.176,3.192,3.907,2.577,3.613,3.138,3.106,3.942,2.964,4.295,4.11,,0.549,3.769,2.913,3.309,3.407,3.856,3.147,
05-09-2023,3.204,3.229,3.928,2.608,3.654,3.157,3.141,3.938,2.999,4.343,4.143,,0.549,3.781,2.938,3.357,3.464,3.872,3.174,
06-09-2023,3.244,3.293,3.974,2.656,3.709,3.209,3.194,3.988,3.044,4.41,4.178,,0.549,3.841,2.992,3.414,3.484,3.913,3.195,
07-09-2023,3.205,3.249,3.936,2.618,3.655,3.172,3.149,3.984,3.003,4.351,4.191,,0.549,3.83,2.953,3.364,3.512,3.885,3.163,
08-09-2023,3.184,3.236,3.924,2.598,3.638,3.146,3.136,3.973,3.009,4.339,4.17,,0.549,3.83,2.934,3.34,3.495,3.885,3.161,
11-09-2023,3.221,3.271,3.965,2.635,3.689,3.182,3.175,4.019,3.032,4.392,4.191,,0.549,3.831,2.977,3.383,3.509,3.906,3.188,
12-09-2023,3.236,3.284,3.966,2.641,3.696,3.21,3.184,4.044,3.041,4.401,4.181,,0.549,3.833,2.98,3.375,3.507,3.894,3.193,
13-09-2023,3.247,3.295,4.001,2.653,3.723,3.201,3.199,4.068,3.056,4.457,4.208,,0.549,3.874,2.994,3.415,3.556,3.911,3.207,
14-09-2023,3.188,3.224,3.943,2.595,3.642,3.135,3.129,3.99,2.99,4.354,4.201,,0.549,3.868,2.929,3.328,3.513,3.86,3.138,
15-09-2023,3.262,3.308,4.001,2.669,3.737,3.224,3.217,4.111,3.084,4.461,4.198,,0.549,3.84,3.008,3.422,3.531,3.86,3.207,
18-09-2023,3.304,3.354,4.046,2.717,3.789,3.279,3.266,4.182,3.118,4.518,4.24,,0.549,3.899,3.059,3.459,3.586,4.018,3.24,
19-09-2023,3.341,3.376,4.064,2.738,3.801,3.3,3.288,4.157,3.145,4.524,4.242,,0.549,3.912,3.082,3.473,3.605,4.046,3.261,
20-09-2023,3.292,3.328,4.008,2.703,3.752,3.259,3.237,4.11,3.097,4.454,4.239,,0.549,3.939,3.045,3.427,3.605,4.006,3.229,
21-09-2023,3.338,3.382,4.031,2.747,3.808,3.296,3.292,4.18,3.141,4.553,4.293,,0.549,3.939,3.088,3.482,3.605,3.954,3.272,
22-09-2023,3.32,3.373,4.028,2.736,3.81,3.291,3.287,4.23,3.146,4.582,4.289,,0.549,3.905,3.065,3.505,3.606,3.962,3.279,
25-09-2023,3.378,3.425,4.061,2.789,3.863,3.335,3.341,4.275,3.195,4.653,4.33,,0.549,3.949,3.121,3.544,3.669,4.075,3.341,
26-09-2023,3.408,3.453,4.068,2.799,3.895,3.362,3.36,4.304,3.211,4.73,4.341,,0.549,4.007,3.142,3.563,3.641,4.03,3.349,
27-09-2023,3.43,3.486,4.101,2.832,3.932,3.405,3.398,4.322,3.259,4.777,4.358,,0.549,4.003,3.177,3.606,3.651,4.147,3.377,
28-09-2023,3.59,3.625,4.246,2.968,4.063,3.56,3.535,4.51,3.346,4.92,4.509,,0.549,4.073,3.322,3.747,3.826,4.186,3.461,
29-09-2023,3.451,3.493,4.114,2.838,3.931,3.416,3.402,4.354,3.25,4.786,4.465,,0.549,4.064,3.183,3.593,3.761,4.133,3.39,
02-10-2023,3.525,3.559,4.16,2.911,3.99,3.496,3.473,4.386,3.335,4.801,4.508,,0.549,4.05,3.253,3.652,3.764,4.149,3.474,
03-10-2023,3.583,3.623,4.202,2.956,4.056,3.563,3.523,4.418,3.382,4.922,4.556,,0.549,4.099,3.308,3.688,3.835,4.243,3.524,
04-10-2023,3.571,3.609,4.223,2.941,4.032,3.547,3.499,4.416,3.343,4.889,4.554,,0.549,4.201,3.294,3.664,3.838,4.204,3.478,
05-10-2023,3.53,3.57,4.168,2.885,4.003,3.5,3.464,4.347,3.317,4.9,4.454,,0.549,4.185,3.244,3.636,3.824,4.112,3.406,
06-10-2023,3.544,3.573,4.194,2.891,4.01,3.521,3.481,4.432,3.338,4.922,4.453,,0.549,4.161,3.249,3.638,3.797,4.166,3.454,
09-10-2023,3.417,3.456,4.115,2.765,3.921,3.402,3.363,4.372,3.228,4.837,4.406,,0.549,4.137,3.129,3.547,3.784,4.104,3.349,
10-10-2023,3.416,3.447,4.161,2.783,3.898,3.402,3.352,4.359,3.202,4.751,4.423,,0.549,4.087,3.142,3.516,3.717,4.065,3.346,
11-10-2023,3.354,3.376,4.021,2.718,3.815,3.342,3.279,4.236,3.157,4.665,4.431,,0.549,4.041,3.068,3.432,3.602,4.041,3.286,
12-10-2023,3.42,3.445,4.091,2.783,3.894,3.386,3.35,4.238,3.22,4.753,4.412,,0.549,3.966,3.139,3.504,3.624,4.083,3.357,
13-10-2023,3.378,3.411,4.081,2.732,3.872,3.358,3.313,4.279,3.186,4.758,4.406,,0.549,4.024,3.09,3.481,3.629,3.985,3.315,
16-10-2023,3.422,3.452,4.107,2.781,3.906,3.392,3.404,4.329,3.221,4.764,4.422,,0.549,4.108,3.134,3.51,3.701,4.069,3.352,
17-10-2023,3.518,3.558,4.19,2.882,4.009,3.506,3.511,4.368,3.322,4.9,4.433,,0.549,4.146,3.238,3.605,3.749,4.179,3.436,
18-10-2023,3.568,3.602,4.212,2.921,4.058,3.549,3.558,4.388,3.375,4.988,4.426,,0.549,4.245,3.284,3.654,3.792,4.439,3.476,
19-10-2023,3.573,3.595,4.213,2.927,4.038,3.536,3.548,4.381,3.369,4.959,4.431,,0.549,4.279,3.292,3.65,3.845,4.302,3.489,
20-10-2023,3.527,3.545,4.163,2.882,3.998,3.501,3.511,4.36,3.327,4.927,4.435,,0.549,4.243,3.248,3.615,3.809,4.363,3.464,
23-10-2023,3.497,3.539,4.152,2.866,3.963,3.482,3.48,4.339,3.31,4.835,4.449,,0.549,4.225,3.23,3.56,3.832,4.261,3.434,
24-10-2023,3.472,3.497,4.107,2.834,3.947,3.443,3.461,4.241,3.258,4.843,4.422,,0.549,4.081,3.199,3.545,3.717,4.115,3.388,
25-10-2023,3.52,3.569,4.144,2.887,4.004,3.5,3.52,4.273,3.326,4.917,4.408,,0.549,4.132,3.251,3.603,3.753,4.156,3.44,
26-10-2023,3.52,3.522,4.104,2.851,3.961,3.474,3.478,4.183,3.295,4.857,4.43,,0.549,4.22,3.211,3.569,3.784,4.121,3.39,
27-10-2023,3.461,3.497,4.091,2.835,3.931,3.444,3.457,4.152,3.263,4.808,4.377,,0.549,4.129,3.189,3.547,3.727,4.113,3.38,
30-10-2023,3.468,3.478,4.048,2.827,3.904,3.445,3.445,4.153,3.246,4.747,4.343,,0.549,4.035,3.173,3.519,3.733,4.1,3.371,
31-10-2023,3.448,3.458,4.009,2.807,3.886,3.411,3.429,4.163,3.242,4.728,4.53,,0.549,4.011,3.15,3.511,3.681,4.07,3.345,
01-11-2023,3.398,3.417,3.975,2.758,3.834,3.361,3.376,4.163,3.195,4.657,4.53,,0.549,4.057,3.11,3.455,3.691,4.07,3.247,
02-11-2023,3.34,3.35,3.923,2.712,3.767,3.305,3.315,4.075,3.145,4.568,4.53,,0.549,3.947,3.055,3.398,3.58,3.973,3.225,
03-11-2023,3.261,3.27,3.86,2.637,3.68,3.226,3.232,3.968,3.071,4.445,4.186,,0.549,3.904,2.976,3.309,3.616,3.901,3.154,
06-11-2023,3.371,3.373,3.934,2.738,3.799,3.317,3.339,4.035,3.166,4.585,4.188,,0.549,3.869,3.081,3.427,3.606,3.98,3.225,
07-11-2023,3.273,3.303,3.893,2.667,3.726,3.252,3.263,3.977,3.093,4.492,4.192,,0.549,3.921,3.01,3.412,3.621,3.926,3.151,
08-11-2023,3.229,3.245,3.876,2.613,3.663,3.184,3.205,3.9,3.039,4.479,4.17,,0.549,3.857,2.953,3.358,3.574,3.878,3.109,
09-11-2023,3.272,3.282,3.886,2.654,3.703,3.232,3.239,3.91,3.068,4.519,4.146,,0.549,3.852,2.99,3.402,3.574,3.899,3.138,
10-11-2023,3.326,3.325,3.945,2.709,3.761,3.289,3.293,3.981,3.131,4.57,4.164,,0.549,3.92,3.051,3.402,3.622,3.985,3.191,
13-11-2023,3.333,3.327,3.962,2.717,3.772,3.301,3.294,3.996,3.128,4.566,4.171,,0.549,3.926,3.052,3.43,3.599,3.988,3.185,
14-11-2023,3.191,3.194,3.848,2.601,3.632,3.158,3.161,3.912,2.985,4.413,4.121,,0.549,3.906,2.925,3.3,3.639,3.852,3.081,
15-11-2023,3.206,3.235,3.854,2.631,3.66,3.185,3.197,3.875,3.029,4.436,4.12,,0.549,3.787,2.955,3.321,3.495,3.909,3.124,
16-11-2023,3.159,3.193,3.767,2.588,3.587,3.13,3.149,3.851,2.975,4.348,4.126,,0.549,3.809,2.917,3.246,3.494,3.814,3.082,
17-11-2023,3.165,3.194,3.777,2.589,3.597,3.138,3.155,3.838,2.982,4.362,4.077,,0.549,3.682,2.916,3.246,3.432,3.814,3.079,
20-11-2023,3.19,3.219,3.805,2.617,3.607,3.17,3.177,3.851,2.994,4.353,4.058,,0.549,3.751,2.94,3.243,3.506,3.836,3.078,
21-11-2023,3.132,3.16,3.676,2.557,3.554,3.11,3.119,3.769,2.95,4.32,4.013,,0.549,3.733,2.885,3.224,3.473,3.81,3.04,
22-11-2023,3.143,3.167,3.668,2.564,3.551,3.123,3.115,3.753,2.947,4.322,4.009,,0.549,3.736,2.894,3.22,3.43,3.803,3.042,
23-11-2023,3.202,3.235,3.739,2.623,3.625,3.188,3.187,3.843,3.014,4.394,4.011,,0.549,3.759,2.96,3.289,3.483,3.877,3.101,
24-11-2023,3.223,3.25,3.765,2.646,3.639,3.206,3.202,3.826,3.024,4.402,4.013,,0.549,3.822,2.983,3.312,3.532,3.892,3.121,
27-11-2023,3.123,3.158,3.695,2.553,3.547,3.11,3.115,3.78,2.929,4.299,4.011,,0.549,3.78,2.892,3.228,3.483,3.78,3.035,
28-11-2023,3.064,3.104,3.72,2.493,3.496,3.055,3.058,3.769,2.88,4.257,4.117,,0.549,3.708,2.834,3.161,3.449,3.74,2.989,
29-11-2023,2.994,3.037,3.561,2.425,3.432,2.984,2.995,3.64,2.818,4.182,4.074,,0.549,3.616,2.761,3.101,3.34,3.653,2.932,
30-11-2023,3.023,3.063,3.614,2.448,3.47,3.016,3.021,3.703,2.832,4.229,4.045,,0.549,3.577,2.783,3.118,3.337,3.677,2.944,
01-12-2023,2.938,2.967,3.502,2.363,3.362,2.931,2.928,3.645,2.73,4.105,4.019,,0.549,3.591,2.693,3.025,3.337,3.579,2.853,
04-12-2023,2.919,2.961,3.454,2.35,3.362,2.912,2.921,3.533,2.71,4.115,3.964,,0.549,3.591,2.683,3.029,3.252,3.576,2.832,
05-12-2023,2.793,2.832,3.424,2.238,3.25,2.798,2.795,3.441,2.556,3.991,3.862,,0.549,3.464,2.563,2.929,3.163,3.444,2.724,
06-12-2023,2.758,2.794,3.377,2.213,3.212,2.757,2.757,3.378,2.492,3.955,4.335,,0.549,3.388,2.54,2.875,3.116,3.404,2.691,
07-12-2023,2.737,2.776,3.355,2.195,3.202,2.758,2.736,3.377,2.514,3.951,4.305,,0.549,3.379,2.517,2.976,3.056,3.38,2.674,
08-12-2023,2.847,2.861,3.433,2.268,3.288,2.825,2.818,3.456,2.611,4.055,4.256,,0.549,3.379,2.594,3.051,3.145,3.492,2.742,
11-12-2023,2.843,2.86,3.436,2.264,3.293,2.849,2.817,3.457,2.618,4.057,4.265,,0.549,3.46,2.598,3.062,3.142,3.502,2.745,
12-12-2023,2.804,2.9,3.394,2.231,3.248,2.796,2.778,3.475,2.561,4.01,4.203,,0.549,3.405,2.56,3.019,3.082,3.446,2.699,
13-12-2023,2.736,2.831,3.348,2.168,3.173,2.726,2.71,3.425,2.511,3.937,4.203,,0.549,3.405,2.489,2.944,3.066,3.393,2.646,
14-12-2023,2.679,2.78,3.261,2.125,3.095,2.668,2.658,3.333,2.435,3.812,3.595,,0.549,3.405,2.438,2.865,2.947,3.304,2.586,
15-12-2023,2.567,2.666,3.147,2.013,2.996,2.569,2.543,3.201,2.339,3.727,3.501,,0.549,3.228,2.334,2.766,2.876,3.206,2.484,
18-12-2023,2.627,2.729,3.192,2.074,3.052,2.628,2.604,3.208,2.399,3.767,3.47,,0.549,3.215,2.388,2.822,2.877,3.259,2.547,
19-12-2023,2.57,2.654,3.121,2.018,2.968,2.563,2.528,3.174,2.314,3.651,3.457,,0.549,3.209,2.325,2.73,2.878,3.177,2.488,
20-12-2023,2.529,2.61,3.091,1.978,2.924,2.519,2.484,3.086,2.272,3.611,3.463,,0.549,3.135,2.295,2.683,2.804,3.133,2.424,
21-12-2023,2.501,2.587,3.063,1.954,2.89,2.502,2.462,3.037,2.264,3.576,3.424,,0.549,3.119,2.275,2.665,2.796,3.126,2.442,
22-12-2023,2.522,2.597,3.027,1.968,2.891,2.51,2.472,3.021,2.3,3.548,3.434,,0.549,3.141,2.265,2.671,2.792,3.13,2.459,
25-12-2023,2.522,2.597,3.027,1.968,2.891,2.51,2.472,3.021,2.3,3.548,3.434,,0.549,3.141,2.265,2.671,2.792,3.13,2.45,
26-12-2023,2.522,2.597,3.027,1.968,2.891,2.51,2.472,3.021,2.3,3.548,3.434,,0.549,3.141,2.265,2.671,2.792,3.13,2.45,
27-12-2023,2.462,2.538,2.994,1.899,2.831,2.453,2.412,2.997,2.203,3.491,3.421,,0.549,3.1,2.202,2.606,2.745,3.062,2.38,
28-12-2023,2.487,2.598,3.047,1.94,2.904,2.493,2.469,3.042,2.21,3.603,3.404,,0.549,3.091,2.258,2.69,2.773,3.114,2.424,
29-12-2023,2.614,2.689,3.168,2.029,3,2.588,2.563,3.076,2.365,3.712,3.432,,0.549,3.125,2.32,2.786,2.857,3.195,2.493,
01-01-2024,2.614,2.689,3.168,2.029,3,2.588,2.563,3.076,2.365,3.712,3.432,,0.549,3.125,2.32,2.786,2.857,3.195,2.494,
02-01-2024,2.629,2.713,3.145,2.064,3.023,2.601,2.6,3.125,2.392,3.714,3.447,,0.549,3.125,2.365,2.809,2.857,3.301,2.519,
03-01-2024,2.587,2.671,3.135,2.016,2.999,2.573,2.557,3.159,2.345,3.702,3.449,,0.549,3.27,2.345,2.789,2.968,3.208,2.442,
04-01-2024,2.681,2.765,3.211,2.105,3.103,2.658,2.643,3.267,2.452,3.789,3.453,,0.549,3.204,2.414,2.877,3,3.321,2.565,
05-01-2024,2.71,2.793,3.231,2.143,3.135,2.685,2.681,3.355,2.486,3.83,3.493,,0.549,3.316,2.455,2.916,3.072,3.371,2.604,
08-01-2024,2.687,2.771,3.261,2.123,3.106,2.67,2.655,3.333,2.451,3.804,3.949,,0.549,3.366,2.44,2.889,3.089,3.34,2.582,
09-01-2024,2.758,2.829,3.283,2.189,3.163,2.732,2.72,3.31,2.507,3.852,3.98,,0.549,3.361,2.503,2.945,3.053,3.396,2.641,
10-01-2024,2.772,2.854,3.299,2.213,3.178,2.761,2.748,3.286,2.54,3.848,4.011,,0.549,3.341,2.522,2.962,2.963,3.418,2.658,
11-01-2024,2.775,2.845,3.268,2.207,3.163,2.748,2.741,3.301,2.531,3.822,4.039,,0.549,3.334,2.514,2.952,2.952,3.417,2.591,
12-01-2024,2.708,2.777,3.211,2.144,3.086,2.695,2.675,3.256,2.468,3.726,3.73,,0.549,3.278,2.45,2.876,2.947,3.352,2.59,
15-01-2024,2.76,2.833,3.257,2.198,3.145,2.746,2.727,3.329,2.524,3.783,3.725,,0.549,3.321,2.507,2.934,2.982,3.408,2.624,
16-01-2024,2.767,2.862,3.234,2.214,3.162,2.757,2.742,3.292,2.548,3.819,3.71,,0.549,3.338,2.522,2.949,2.997,3.432,2.649,
17-01-2024,2.84,2.913,3.364,2.273,3.242,2.845,2.808,3.381,2.608,3.908,3.752,,0.549,3.403,2.587,3.03,3.08,3.506,2.688,
18-01-2024,2.863,2.943,3.351,2.309,3.259,2.862,2.838,3.395,2.79,3.91,3.754,,0.549,3.432,2.623,3.049,3.071,3.517,2.73,
19-01-2024,2.847,2.931,3.361,2.305,3.241,2.839,2.826,3.391,2.772,3.873,3.767,,0.549,3.446,2.615,3.041,3.067,3.481,2.7,
22-01-2024,2.801,2.888,3.305,2.258,3.202,2.802,2.784,3.335,2.725,3.84,3.737,,0.549,3.402,2.567,3.007,3.055,3.443,2.68,
23-01-2024,2.859,2.951,3.365,2.349,3.271,2.863,2.848,3.388,2.786,3.924,3.734,,0.549,3.43,2.631,3.074,3.083,3.504,2.745,
24-01-2024,2.845,2.937,3.352,2.335,3.258,2.847,2.833,3.343,2.779,3.894,3.732,,0.549,3.421,2.616,3.06,3.112,3.491,2.73,
25-01-2024,2.781,2.878,3.299,2.283,3.193,2.781,2.773,3.312,2.72,3.823,3.757,,0.549,3.47,2.564,3.002,3.135,3.434,2.676,
26-01-2024,2.793,2.888,3.311,2.297,3.2,2.793,2.786,3.341,2.724,3.823,3.76,,0.549,3.353,2.574,3.011,3.034,3.432,2.68,
29-01-2024,2.729,2.826,3.239,2.238,3.135,2.73,2.723,3.24,2.659,3.744,3.721,,0.549,3.355,2.514,2.935,2.977,3.371,2.622,
30-01-2024,2.764,2.867,3.29,2.273,3.181,2.797,2.764,3.267,2.695,3.809,3.723,,0.549,3.318,2.551,2.967,2.988,3.414,2.652,
31-01-2024,2.702,2.76,3.2,2.161,3.089,2.658,2.661,3.24,2.601,3.727,3.69,,0.549,3.37,2.436,2.878,2.979,3.319,2.572,
01-02-2024,2.701,2.755,3.191,2.14,3.081,2.657,2.651,3.243,2.6,3.726,3.69,,0.549,3.378,2.423,2.871,2.967,3.302,2.551,
02-02-2024,2.785,2.837,3.272,2.229,3.159,2.75,2.733,3.28,2.69,3.81,3.668,,0.549,3.378,2.516,2.951,2.935,3.395,2.633,
05-02-2024,2.884,2.922,3.348,2.324,3.24,2.829,2.824,3.385,2.754,3.895,3.729,,0.549,3.483,2.607,3.018,3.042,3.479,2.704,
06-02-2024,2.859,2.907,3.313,2.298,3.217,2.807,2.804,3.395,2.739,3.859,3.741,,0.549,3.491,2.581,3.006,3.086,3.466,2.66,
07-02-2024,2.85,2.94,3.318,2.301,3.23,2.815,2.814,3.359,2.769,3.894,3.731,,0.549,3.473,2.593,3.023,3.068,3.482,2.703,
08-02-2024,2.915,2.995,3.375,2.356,3.304,2.863,2.871,3.387,2.814,3.943,3.747,,0.549,3.526,2.646,3.082,3.068,3.525,2.733,
09-02-2024,2.934,3.002,3.402,2.38,3.366,2.885,2.892,3.439,2.832,3.965,3.765,,0.549,3.598,2.668,3.103,3.122,3.552,2.753,
12-02-2024,2.905,2.977,3.351,2.366,3.327,2.875,2.867,3.408,2.809,3.916,3.778,,0.549,3.569,2.658,3.082,3.079,3.543,2.731,
13-02-2024,2.923,2.994,3.356,2.392,3.34,2.893,2.89,3.421,2.83,3.941,3.786,,0.549,3.566,2.684,3.097,3.071,3.569,2.765,
14-02-2024,2.873,2.937,3.316,2.349,3.276,2.84,2.828,3.407,2.764,3.866,3.798,,0.549,3.534,2.636,3.04,3.088,3.509,2.693,
15-02-2024,2.877,2.944,3.337,2.352,3.266,2.83,2.835,3.335,2.782,3.855,3.748,,0.549,3.456,2.636,3.03,3.022,3.51,2.722,
16-02-2024,2.917,2.981,3.377,2.4,3.298,2.872,2.876,3.402,2.815,3.886,3.748,,0.549,3.522,2.673,3.064,3.085,3.551,2.752,
19-02-2024,2.935,2.999,3.403,2.411,3.314,2.887,2.885,3.397,2.829,3.903,3.765,,0.549,3.538,2.676,3.068,3.096,3.549,2.762,
20-02-2024,2.898,2.949,3.353,2.37,3.281,2.831,2.849,3.36,2.783,3.862,3.774,,0.549,3.529,2.639,3.04,3.07,3.544,2.731,
21-02-2024,2.956,3.021,3.392,2.44,3.358,2.895,2.928,3.392,2.862,3.949,3.784,,0.549,3.535,2.718,3.083,3.063,3.595,2.79,
22-02-2024,2.944,2.998,3.34,2.435,3.339,2.895,2.908,3.408,2.848,3.917,3.789,,0.549,3.617,2.709,3.095,3.13,3.578,2.773,
23-02-2024,2.851,2.923,3.309,2.362,3.251,2.816,2.826,3.348,2.762,3.809,3.787,,0.549,3.556,2.637,3.012,3.116,3.507,2.695,
26-02-2024,2.914,2.999,3.37,2.43,3.32,2.872,2.899,3.376,2.846,3.886,3.763,,0.549,3.478,2.702,3.077,3.075,3.616,2.779,
27-02-2024,2.944,3.026,3.403,2.455,3.347,2.905,2.931,3.411,2.871,3.898,3.779,,0.549,3.568,2.731,3.099,3.145,3.691,2.797,
28-02-2024,2.95,3.029,3.367,2.461,3.342,2.912,2.933,3.437,2.862,3.894,3.787,,0.549,3.592,2.735,3.099,3.162,3.683,2.784,
29-02-2024,2.902,2.97,3.33,2.404,3.28,2.864,2.878,3.387,2.822,3.835,3.807,,0.549,3.602,2.681,3.04,3.217,3.649,2.727,
01-03-2024,2.914,3.001,3.349,2.412,3.303,2.879,2.901,3.451,2.84,3.884,3.795,,0.549,3.578,2.694,3.069,3.168,3.664,2.712,
04-03-2024,2.896,2.961,3.302,2.397,3.268,2.86,2.87,3.385,2.802,3.823,3.789,,0.549,3.546,2.675,3.035,3.107,3.628,2.691,
05-03-2024,2.805,2.872,3.248,2.32,3.175,2.793,2.786,3.319,2.728,3.713,3.674,,0.549,3.477,2.593,2.945,3.069,3.542,2.623,
06-03-2024,2.814,2.869,3.202,2.33,3.157,2.784,2.782,3.299,2.718,3.661,3.638,,0.549,3.425,2.602,2.994,3.047,3.555,2.618,
07-03-2024,2.762,2.829,3.19,2.295,3.106,2.76,2.74,3.236,2.691,3.603,3.626,,0.549,3.396,2.563,2.948,3.007,3.509,2.602,
08-03-2024,2.74,2.808,3.147,2.268,3.077,2.72,2.718,3.185,2.664,3.577,3.618,,0.549,3.34,2.531,2.93,2.956,3.477,2.557,
11-03-2024,2.796,2.845,3.112,2.298,3.124,2.783,2.756,3.221,2.711,3.625,3.618,,0.549,3.321,2.559,2.969,2.963,3.519,2.575,
12-03-2024,2.806,2.866,3.147,2.326,3.135,2.789,2.774,3.202,2.729,3.604,3.637,,0.549,3.32,2.58,2.969,2.981,3.541,2.591,
13-03-2024,2.82,2.884,3.161,2.355,3.148,2.805,2.791,3.189,2.754,3.588,3.639,,0.549,3.353,2.605,2.992,3.034,3.56,2.621,
14-03-2024,2.905,2.955,3.195,2.418,3.22,2.869,2.864,3.25,2.82,3.677,3.639,,0.549,3.385,2.671,3.05,3.021,3.629,2.693,
15-03-2024,2.914,2.962,3.23,2.436,3.239,2.885,2.877,3.324,2.826,3.701,3.646,,0.549,3.468,2.682,3.079,3.104,3.645,2.698,
18-03-2024,2.921,2.975,3.23,2.457,3.243,2.891,2.891,3.324,2.839,3.684,3.663,,0.549,3.455,2.698,3.086,3.118,3.611,2.722,
19-03-2024,2.916,2.976,3.242,2.449,3.25,2.878,2.886,3.352,2.835,3.707,3.649,,0.549,3.455,2.694,3.077,3.098,3.594,2.714,
20-03-2024,2.91,2.968,3.237,2.435,3.248,2.877,2.875,3.336,2.819,3.714,3.653,,0.549,3.425,2.679,3.077,3.064,3.582,2.707,
21-03-2024,2.873,2.938,3.204,2.397,3.201,2.847,2.839,3.32,2.789,3.671,3.661,,0.549,3.435,2.647,3.039,3.011,3.497,2.69,
22-03-2024,2.829,2.881,3.155,2.321,3.151,2.79,2.792,3.277,2.74,3.637,3.64,,0.549,3.413,2.583,2.989,2.969,3.46,2.618,
25-03-2024,2.874,2.938,3.155,2.374,3.21,2.844,2.852,3.277,2.792,3.695,3.636,,0.549,3.378,2.636,3.047,2.99,3.502,2.652,
26-03-2024,2.852,2.916,3.219,2.349,3.178,2.832,2.832,3.308,2.775,3.653,3.638,,0.549,3.419,2.602,3.019,2.962,3.451,2.632,
27-03-2024,2.818,2.87,3.172,2.292,3.129,2.781,2.787,3.276,2.732,3.613,3.63,,0.549,3.38,2.55,2.975,2.929,3.398,2.581,
28-03-2024,2.812,2.879,3.189,2.292,3.151,2.781,2.801,3.287,2.75,3.671,3.608,,0.549,3.385,2.552,3.001,2.958,3.403,2.584,
29-03-2024,2.812,2.896,3.189,2.292,3.151,2.781,2.801,3.287,2.75,3.671,3.608,,0.549,3.385,2.552,3.001,2.958,3.403,2.581,
01-04-2024,2.812,2.896,3.189,2.292,3.151,2.781,2.801,3.287,2.75,3.671,3.608,,0.549,3.385,2.552,3.001,2.958,3.403,2.5875,
02-04-2024,2.963,3,3.259,2.411,3.262,2.902,2.927,3.407,2.863,3.802,3.636,,0.549,3.446,2.677,3.106,3.022,3.506,2.681,
03-04-2024,2.932,2.977,3.284,2.4,3.263,2.894,2.911,3.424,2.853,3.833,3.652,,0.549,3.487,2.665,3.105,3.006,3.506,2.676,
04-04-2024,2.87,2.93,3.216,2.358,3.189,2.84,2.864,3.312,2.809,3.715,3.644,,0.549,3.458,2.62,3.039,2.993,3.459,2.643,
05-04-2024,2.91,2.98,3.248,2.399,3.238,2.886,2.911,3.356,2.851,3.791,3.646,,0.549,3.397,2.658,3.09,2.977,3.499,2.685,
08-04-2024,2.944,3.003,3.275,2.44,3.258,2.905,2.931,3.382,2.87,3.806,3.657,,0.549,3.494,2.691,3.108,3.05,3.512,2.712,
09-04-2024,2.912,2.92,3.228,2.368,3.181,2.822,2.859,3.308,2.809,3.716,3.652,,0.549,3.451,2.62,3.041,2.993,3.444,2.649,
10-04-2024,2.965,2.982,3.272,2.429,3.238,2.889,2.92,3.36,2.86,3.77,3.651,,0.549,3.405,2.678,3.101,2.956,3.52,2.711,
11-04-2024,3.003,2.982,3.314,2.477,3.3,2.943,2.92,3.395,2.9,3.867,3.68,,0.549,3.478,2.742,3.164,3.033,3.532,2.752,
12-04-2024,2.88,2.913,3.205,2.359,3.185,2.819,2.86,3.303,2.8,3.742,3.664,,0.549,3.438,2.612,3.047,2.949,3.44,2.675,
15-04-2024,2.976,3,3.296,2.431,3.268,2.895,2.948,3.383,2.881,3.836,3.677,,0.549,3.42,2.684,3.127,3.002,3.53,2.749,
16-04-2024,3.012,3.059,3.361,2.486,3.331,2.967,3.007,3.494,2.937,3.913,3.705,,0.549,3.489,2.745,3.193,3.069,3.574,2.811,
17-04-2024,2.986,3.037,3.341,2.471,3.304,2.94,2.984,3.444,2.903,3.882,3.671,,0.549,3.546,2.727,3.165,3.09,3.546,2.769,
18-04-2024,3.008,3.056,3.347,2.493,3.309,2.958,3.001,3.46,2.929,3.886,3.663,,0.549,3.495,2.748,3.168,3.057,3.548,2.805,
19-04-2024,3.017,3.069,3.362,2.505,3.313,2.975,3.016,3.493,2.925,3.903,3.663,,0.549,3.52,2.761,3.173,3.079,3.581,2.802,
22-04-2024,2.979,3.045,3.325,2.491,3.266,2.944,2.99,3.478,2.882,3.823,3.657,,0.549,3.527,2.74,3.135,3.135,3.557,2.796,
23-04-2024,3,3.056,3.31,2.506,3.275,2.959,3,3.452,2.912,3.816,3.646,,0.549,3.489,2.758,3.139,3.083,3.553,2.809,
24-04-2024,3.079,3.142,3.395,2.586,3.383,3.044,3.089,3.53,3.004,3.959,3.651,,0.549,3.53,2.838,3.24,3.136,3.64,2.893,
25-04-2024,3.123,3.177,3.453,2.624,3.424,3.078,3.122,3.602,3.039,3.984,3.677,,0.549,3.596,2.877,3.277,3.164,3.69,2.924,
26-04-2024,3.061,3.118,3.386,2.574,3.36,3.03,3.064,3.476,2.979,3.89,3.68,,0.549,3.622,2.828,3.215,3.175,3.629,2.867,
29-04-2024,2.993,3.051,3.335,2.526,3.297,2.958,3.024,3.439,2.915,3.819,3.663,,0.549,3.553,2.813,3.149,3.086,3.569,2.814,
30-04-2024,3.051,3.104,3.393,2.581,3.347,3.024,3.074,3.475,2.966,3.874,3.67,,0.549,3.526,2.872,3.195,3.128,3.611,2.861,
01-05-2024,3.051,3.104,3.393,2.581,3.347,3.024,3.074,3.475,2.966,3.874,3.67,,0.549,3.526,2.872,3.195,3.128,3.611,2.861,
02-05-2024,3.043,3.084,3.374,2.553,3.323,3.005,3.051,3.56,2.929,3.873,3.683,,0.549,3.539,2.845,3.181,3.149,3.592,2.822,
03-05-2024,2.997,3.047,3.374,2.51,3.282,2.962,3.015,3.56,2.882,3.836,3.771,,0.549,3.528,2.807,3.145,3.111,3.554,2.777,
06-05-2024,2.968,3.016,3.374,2.476,3.255,2.936,2.981,3.56,2.86,3.806,3.727,,0.549,3.465,2.778,3.115,3.03,3.535,2.761,
07-05-2024,2.897,2.96,3.374,2.421,3.203,2.875,2.921,3.56,2.811,3.76,3.712,,0.549,3.474,2.724,3.067,3.008,3.482,2.71,
08-05-2024,2.943,2.999,3.283,2.46,3.248,2.92,2.963,3.493,2.847,3.797,3.694,,0.549,3.468,2.765,3.112,3.033,3.482,2.744,
09-05-2024,2.982,2.999,3.293,2.497,3.289,2.92,3.005,3.542,2.885,3.838,3.694,,0.549,3.503,2.801,3.145,3.068,3.555,2.782,
10-05-2024,2.997,3.059,3.335,2.52,3.31,2.978,3.022,3.533,2.917,3.852,3.732,,0.549,3.488,2.821,3.168,3.062,3.585,2.801,
13-05-2024,2.988,3.051,3.306,2.508,3.298,2.97,3.013,3.526,2.907,3.853,3.733,,0.549,3.527,2.809,3.156,3.066,3.574,2.786,
14-05-2024,3.021,3.085,3.317,2.54,3.326,2.997,3.048,3.561,2.95,3.882,3.746,,0.549,3.524,2.839,3.181,3.092,3.612,2.813,
15-05-2024,2.892,2.963,3.259,2.423,3.191,2.869,2.923,3.449,2.82,3.733,3.74,,0.549,3.524,2.718,3.051,3.04,3.485,2.7,
16-05-2024,2.917,2.985,3.231,2.444,3.205,2.892,2.943,3.456,2.851,3.748,3.715,,0.549,3.419,2.738,3.07,3.009,3.493,2.74,
17-05-2024,2.979,3.048,3.306,2.513,3.268,2.96,3.009,3.509,2.909,3.807,3.725,,0.549,3.462,2.807,3.138,3.074,3.544,2.785,
20-05-2024,2.998,3.062,3.319,2.532,3.287,2.982,3.021,3.52,2.918,3.817,3.726,,0.549,3.508,2.823,3.156,3.079,3.55,2.801,
21-05-2024,2.983,3.056,3.29,2.508,3.272,2.962,3,3.493,2.89,3.803,3.737,,0.549,3.502,2.798,3.147,3.094,3.517,2.771,
22-05-2024,3.019,3.061,3.308,2.534,3.299,2.989,3.027,3.52,2.928,3.828,3.726,,0.549,3.541,2.829,3.169,3.114,3.539,2.795,
23-05-2024,3.091,3.123,3.384,2.601,3.36,3.051,3.086,3.574,2.981,3.899,3.764,,0.549,3.526,2.889,3.228,3.119,3.581,2.834,
24-05-2024,3.061,3.107,3.391,2.583,3.342,3.033,3.071,3.62,2.973,3.887,3.762,,0.549,3.568,2.873,3.223,3.177,3.574,2.823,
27-05-2024,3.026,3.074,3.357,2.546,3.299,2.993,3.029,3.548,2.932,3.833,3.803,,0.549,3.578,2.835,3.162,3.152,3.545,2.801,
28-05-2024,3.074,3.126,3.379,2.589,3.344,3.04,3.079,3.569,2.98,3.898,3.759,,0.549,3.533,2.882,3.215,3.141,3.578,2.842,
29-05-2024,3.166,3.223,3.444,2.682,3.431,3.142,3.175,3.674,3.077,4.001,3.77,,0.549,3.615,2.973,3.295,3.23,3.662,2.932,
30-05-2024,3.141,3.203,3.44,2.655,3.388,3.121,3.149,3.681,3.04,3.957,3.787,,0.549,3.647,2.946,3.259,3.276,3.652,2.883,
31-05-2024,3.132,3.194,3.414,2.648,3.38,3.101,3.138,3.655,3.047,3.965,3.778,,0.549,3.633,2.936,3.243,3.292,3.649,2.901,
03-06-2024,3.082,3.128,3.351,2.585,3.307,3.041,3.071,3.631,2.957,3.894,3.772,,0.549,3.617,2.87,3.168,3.2,3.56,2.82,
04-06-2024,3.025,3.092,3.324,2.538,3.277,3.005,3.032,3.584,2.928,3.866,3.765,,0.549,3.517,2.83,3.14,3.151,3.529,2.773,
05-06-2024,2.99,3.054,3.31,2.497,3.229,2.962,2.987,3.541,2.904,3.807,3.755,,0.549,3.529,2.795,3.098,3.123,3.492,2.754,
06-06-2024,3.047,3.102,3.337,2.543,3.277,3.012,3.039,3.584,2.947,3.864,3.758,,0.549,3.486,2.843,3.155,3.125,3.543,2.794,
07-06-2024,3.111,3.173,3.4,2.617,3.391,3.086,3.111,3.663,3.019,3.957,3.78,,0.549,3.486,2.919,3.229,3.173,3.617,2.858,
10-06-2024,3.191,3.269,3.464,2.675,3.491,3.179,3.24,3.764,3.105,4.081,3.801,,0.549,3.623,2.988,3.229,3.282,3.683,2.92,
11-06-2024,3.147,3.22,3.46,2.622,3.458,3.138,3.244,3.8,3.066,4.064,3.753,,0.549,3.667,2.949,3.281,3.356,3.664,2.88,
12-06-2024,3.08,3.124,3.34,2.535,3.366,3.056,3.159,3.634,2.967,3.924,3.724,,0.549,3.641,2.86,3.187,3.25,3.569,2.833,
13-06-2024,3.048,3.135,3.359,2.491,3.371,3.071,3.181,3.66,2.963,3.947,3.699,,0.549,3.573,2.832,3.19,3.232,3.563,2.784,
14-06-2024,2.974,3.066,3.315,2.356,3.333,2.976,3.138,3.661,2.888,3.916,3.684,,0.549,3.537,2.73,3.153,3.16,3.516,2.713,
17-06-2024,3.01,3.093,3.341,2.412,3.358,3,3.163,3.673,2.896,3.944,3.68,,0.549,3.512,2.769,3.172,3.18,3.544,2.744,
18-06-2024,2.986,3.062,3.322,2.393,3.313,2.96,3.12,3.602,2.866,3.887,3.682,,0.549,3.522,2.743,3.129,3.175,3.494,2.723,
19-06-2024,2.99,3.092,3.337,2.404,3.344,2.99,3.156,3.634,2.901,3.944,3.685,,0.549,3.506,2.76,3.156,3.168,3.525,2.741,
20-06-2024,3.019,3.089,3.361,2.424,3.342,2.989,3.154,3.669,2.907,3.942,3.688,,0.549,3.532,2.773,3.154,3.181,3.521,2.753,
21-06-2024,2.998,3.086,3.338,2.409,3.333,2.989,3.164,3.632,2.903,3.943,3.683,,0.549,3.491,2.769,3.147,3.116,3.493,2.745,
24-06-2024,3.008,3.069,3.338,2.422,3.326,2.993,3.148,3.626,2.884,3.93,3.683,,0.549,3.501,2.767,3.139,3.14,3.475,2.762,
25-06-2024,2.966,3.048,3.312,2.412,3.318,2.962,3.127,3.648,2.863,3.937,3.671,,0.549,3.494,2.754,3.138,3.14,3.504,2.76,
26-06-2024,3.016,3.105,3.363,2.45,3.379,3.012,3.184,3.68,2.928,3.991,3.661,,0.549,3.511,2.792,3.194,3.144,3.545,2.793,
27-06-2024,3.024,3.134,3.369,2.451,3.408,3.025,3.273,3.709,2.936,4.035,3.673,,0.549,3.582,2.796,3.233,3.195,3.557,2.8,
28/06/2024,3.055,3.128,3.384,2.487,3.415,3.05,3.291,3.737,2.951,4.064,3.674,,0.549,3.592,2.823,3.239,3.235,3.556,2.833,
01/07/2024,3.12,3.22,3.43,2.605,3.471,3.119,3.348,3.755,3.035,4.107,3.683,,0.549,3.617,2.923,3.292,3.233,3.612,2.896,
02/07/2024,3.126,3.199,3.422,2.607,3.451,3.109,3.332,3.718,3,4.076,3.687,,0.549,3.667,2.92,3.279,3.257,3.591,2.871,
03/07/2024,3.067,3.133,3.36,2.557,3.376,3.038,3.247,3.704,2.952,3.984,3.683,,0.549,3.611,2.876,3.204,3.197,3.537,2.822,
04/07/2024,3.124,3.174,3.382,2.585,3.401,3.076,3.28,3.678,2.978,4.008,3.675,,0.549,3.605,2.9,3.224,3.171,3.554,2.851,
05/07/2024,3.045,3.124,3.341,2.531,3.345,3.022,3.215,3.622,2.922,3.94,3.671,,0.549,3.572,2.851,3.175,3.154,3.554,2.803,
08/07/2024,3.03,3.096,3.306,2.519,3.305,2.986,3.171,3.577,2.89,3.888,3.662,,0.549,3.545,2.832,3.131,3.137,3.481,2.784,
09/07/2024,3.106,3.17,3.347,2.56,3.368,3.052,3.258,3.602,2.965,3.955,3.666,,0.549,3.522,2.87,3.198,3.287,3.559,2.826,
10/07/2024,3.048,3.105,3.299,2.536,3.302,3.003,3.185,3.552,2.911,3.864,3.658,,0.549,3.51,2.823,3.124,3.239,3.497,2.781,
11/07/2024,2.972,3.042,3.234,2.47,3.231,2.938,3.126,3.49,2.849,3.789,3.63,,0.549,3.498,2.755,3.075,3.295,3.438,2.725,
12/07/2024,2.989,3.064,3.25,2.496,3.26,2.967,3.154,3.491,2.883,3.795,3.621,,0.549,3.452,2.778,3.084,3.256,3.473,2.754,
15/07/2024,2.954,3.03,3.243,2.47,3.23,2.934,3.112,3.457,2.844,3.751,3.642,,0.549,3.429,2.752,3.051,3.205,3.447,2.733,
16-07-2024,2.917,3,3.217,2.432,3.199,2.904,3.086,3.416,2.807,3.71,3.632,,0.549,3.411,2.711,3.017,3.151,3.406,2.685,
17-07-2024,2.905,2.988,3.198,2.422,3.199,2.894,3.077,3.41,2.808,3.716,3.606,,0.549,3.38,2.707,3.022,3.158,3.404,2.682,
18-07-2024,2.895,2.97,3.178,2.41,3.183,2.874,3.064,3.394,2.821,3.704,3.607,,0.549,3.398,2.692,3.009,3.161,3.401,2.693,
19-07-2024,2.955,3.024,3.235,2.463,3.24,2.926,3.127,3.461,2.864,3.772,3.62,,0.549,3.392,2.743,3.068,3.152,3.456,2.73,
22-07-2024,2.973,3.033,3.236,2.483,3.246,2.94,3.132,3.438,2.881,3.766,3.625,,0.549,3.421,2.765,3.076,3.188,3.49,2.754,
23-07-2024,2.942,3.001,3.211,2.438,3.236,2.916,3.132,3.451,2.846,3.756,3.616,,0.549,3.451,2.721,3.067,3.185,3.481,2.704,
24-07-2024,2.949,3.007,3.227,2.442,3.264,2.908,3.151,3.485,2.851,3.802,3.612,,0.549,3.41,2.727,3.092,3.183,3.505,2.722,
25-07-2024,2.92,2.99,3.207,2.413,3.241,2.879,3.115,3.487,2.831,3.775,3.611,,0.549,3.426,2.698,3.053,3.166,3.479,2.704,
26-07-2024,2.909,2.991,3.188,2.404,3.233,2.869,3.111,3.461,2.828,3.766,3.622,,0.549,3.459,2.687,3.052,3.178,3.458,2.683,
29-07-2024,2.875,2.954,3.172,2.362,3.187,2.831,3.069,3.394,2.791,3.71,3.606,,0.549,3.397,2.644,3.007,3.095,3.445,2.642,
30-07-2024,2.855,2.94,3.143,2.341,3.166,2.81,3.055,3.38,2.74,3.701,3.537,,0.549,3.377,2.634,2.978,3.118,3.416,2.621,
31-07-2024,2.801,2.89,3.106,2.302,3.116,2.787,3.01,3.351,2.698,3.652,3.507,,0.549,3.357,2.592,2.93,3.075,3.358,2.566,
01-08-2024,2.782,2.867,3.052,2.25,3.091,2.741,2.992,3.331,2.676,3.646,3.442,,0.549,3.33,2.552,2.899,3.068,3.341,2.534,
02-08-2024,2.723,2.815,3.016,2.161,3.059,2.691,2.959,3.304,2.606,3.635,3.462,,0.549,3.31,2.478,2.861,3.009,3.3,2.492,
05-08-2024,2.75,2.845,3.032,2.182,3.085,2.69,2.982,3.327,2.621,3.675,3.422,,0.549,3.314,2.502,2.882,2.968,3.31,2.491,
06-08-2024,2.731,2.817,3.025,2.182,3.059,2.69,2.949,3.311,2.619,3.654,3.464,,0.549,3.383,2.497,2.854,2.985,3.299,2.505,
07-08-2024,2.807,2.881,3.072,2.273,3.13,2.767,3.015,3.394,2.689,3.707,3.47,,0.549,3.383,2.579,2.922,3.07,3.352,2.553,
08-08-2024,2.798,2.881,3.079,2.27,3.136,2.759,3.015,3.395,2.686,3.704,3.478,,0.549,3.391,2.577,2.923,3.029,3.35,2.564,
09-08-2024,2.755,2.83,3.132,2.222,3.083,2.716,2.966,3.341,2.648,3.644,3.421,,0.549,3.402,2.531,2.875,3.014,3.311,2.513,
12-08-2024,2.757,2.833,3.14,2.225,3.079,2.724,2.966,3.349,2.647,3.64,3.436,,0.549,3.398,2.531,2.861,3.032,3.32,2.502,
13-08-2024,2.707,2.782,3.093,2.181,3.025,2.666,2.916,3.283,2.605,3.57,3.428,,0.549,3.382,2.485,2.815,2.99,3.279,2.462,
14-08-2024,2.71,2.782,3.085,2.177,3.018,2.658,2.915,3.279,2.603,3.565,3.421,,0.549,3.33,2.48,2.806,2.981,3.259,2.451,
15-08-2024,2.784,2.855,3.085,2.263,3.094,2.745,2.986,3.279,2.678,3.565,3.421,,0.549,3.33,2.566,2.885,2.981,3.317,2.513,
16-08-2024,2.784,2.857,3.126,2.259,3.097,2.733,2.985,3.327,2.67,3.645,3.432,,0.549,3.366,2.56,2.89,2.988,3.326,2.502,
19-08-2024,2.771,2.846,3.133,2.254,3.086,2.739,2.977,3.33,2.664,3.63,3.428,,0.549,3.359,2.55,2.868,2.986,3.324,2.494,
20-08-2024,2.735,2.808,3.109,2.214,3.043,2.697,2.942,3.307,2.633,3.591,3.422,,0.549,3.374,2.507,2.829,2.999,3.301,2.462,
21-08-2024,2.726,2.791,3.098,2.201,3.018,2.675,2.918,3.282,2.597,3.569,3.414,,0.549,3.345,2.49,2.8,2.968,3.271,2.44,
22-08-2024,2.769,2.829,3.098,2.244,3.051,2.717,2.956,3.281,2.651,3.615,3.426,,0.549,3.291,2.525,2.84,2.965,3.307,2.502,
23-08-2024,2.736,2.807,3.094,2.223,3.014,2.688,2.93,3.302,2.635,3.565,3.422,,0.549,3.328,2.51,2.804,2.984,3.291,2.481,
26-08-2024,2.762,2.832,3.1,2.248,3.043,2.717,2.955,3.283,2.656,3.595,3.421,,0.549,3.308,2.534,2.839,2.997,3.327,2.5,
27-08-2024,2.803,2.877,3.153,2.279,3.102,2.764,3.007,3.359,2.685,3.664,3.446,,0.549,3.336,2.568,2.88,3.05,3.352,2.523,
28-08-2024,2.776,2.849,3.123,2.255,3.09,2.735,2.982,3.315,2.651,3.644,3.439,,0.549,3.36,2.539,2.875,2.992,3.338,2.502,
29-08-2024,2.802,2.87,3.141,2.283,3.108,2.746,3,3.318,2.653,3.668,3.443,,0.549,3.371,2.567,2.887,2.995,3.338,2.514,
30-08-2024,2.81,2.885,3.135,2.29,3.116,2.739,3.009,3.332,2.674,3.694,3.434,,0.549,3.356,2.578,2.897,3.005,3.369,2.543,
02-09-2024,2.855,2.908,3.158,2.338,3.148,2.791,3.039,3.385,2.71,3.705,3.431,,0.549,3.427,2.623,2.932,3.067,3.393,2.562,
03-09-2024,2.776,2.864,3.136,2.274,3.103,2.731,2.998,3.351,2.653,3.669,3.422,,0.549,3.401,2.564,2.898,3.075,3.356,2.512,
04-09-2024,2.724,2.801,3.068,2.216,3.03,2.669,2.928,3.284,2.6,3.577,3.405,,0.549,3.339,2.505,2.82,2.98,3.301,2.465,
05-09-2024,2.72,2.796,3.062,2.208,3.019,2.667,2.91,3.231,2.59,3.57,3.364,,0.549,3.286,2.494,2.815,2.97,3.269,2.451,
06-09-2024,2.683,2.772,3.032,2.171,2.997,2.628,2.879,3.238,2.583,3.55,3.349,,0.549,3.243,2.459,2.803,2.899,3.244,2.444,
09-09-2024,2.684,2.778,3.044,2.171,2.997,2.634,2.885,3.247,2.586,3.548,3.356,,0.549,3.296,2.462,2.802,2.979,3.246,2.414,
10-09-2024,2.657,2.756,3.038,2.149,2.974,2.618,2.861,3.216,2.546,3.52,3.345,,0.549,3.269,2.444,2.774,2.961,3.222,2.393,
11-09-2024,2.611,2.707,2.97,2.099,2.924,2.57,2.813,3.15,2.524,3.459,3.33,,0.549,3.195,2.392,2.725,2.888,3.184,2.373,
12-09-2024,2.666,2.754,3,2.158,2.962,2.619,2.858,3.155,2.541,3.554,3.345,,0.549,3.193,2.442,2.765,2.888,3.226,2.413,
13-09-2024,2.653,2.737,2.985,2.15,2.947,2.617,2.843,3.135,2.528,3.517,3.353,,0.549,3.186,2.441,2.736,2.896,3.221,2.405,
16-09-2024,2.626,2.712,2.982,2.12,2.918,2.582,2.827,3.126,2.506,3.48,3.337,,0.549,3.179,2.408,2.708,2.889,3.197,2.372,
17-09-2024,2.659,2.745,2.994,2.148,2.941,2.612,2.859,3.108,2.514,3.505,3.275,,0.549,3.131,2.437,2.726,2.882,3.23,2.402,
18-09-2024,2.7,2.793,3.038,2.192,3,2.66,2.917,3.197,2.561,3.576,3.483,,0.549,3.186,2.484,2.785,2.961,3.28,2.441,
19-09-2024,2.702,2.799,3.036,2.193,2.993,2.665,2.935,3.201,2.567,3.556,3.486,,0.549,3.227,2.489,2.778,2.999,3.29,2.451,
20-09-2024,2.727,2.829,3.021,2.22,3.011,2.692,2.972,3.214,2.583,3.572,3.489,,0.549,3.22,2.517,2.789,2.991,3.312,2.441,
23-09-2024,2.682,2.798,3.026,2.173,2.965,2.665,2.952,3.178,2.525,3.52,3.481,,0.549,3.205,2.475,2.727,2.963,3.264,2.395,
24-09-2024,2.638,2.758,3.009,2.135,2.926,2.611,2.906,3.173,2.505,3.478,3.436,,0.549,3.194,2.431,2.706,2.963,3.228,2.3975,
25-09-2024,2.706,2.826,3.01,2.189,2.99,2.651,2.973,3.171,2.552,3.543,3.44,,0.549,3.156,2.48,2.78,2.973,3.278,2.411,
26-09-2024,2.699,2.819,2.991,2.173,2.96,2.644,2.973,3.097,2.553,3.48,3.421,,0.549,3.181,2.463,2.743,2.94,3.247,2.415,
27-09-2024,2.657,2.768,2.989,2.14,2.931,2.607,2.926,3.109,2.498,3.456,3.389,,0.549,3.123,2.427,2.713,2.957,3.21,2.362,
30-09-2024,2.648,2.759,2.977,2.133,2.931,2.598,2.924,3.124,2.483,3.462,3.376,,0.549,3.154,2.427,2.71,2.943,3.202,2.344,
01-10-2024,2.552,2.663,2.977,2.043,2.84,2.497,2.829,3.043,2.385,3.379,3.343,,0.549,3.109,2.338,2.629,2.817,3.111,2.263,
02-10-2024,2.621,2.737,2.976,2.103,2.898,2.563,2.876,3.116,2.437,3.438,3.342,,0.549,3.089,2.397,2.671,2.87,3.149,2.331,
03-10-2024,2.665,2.769,2.963,2.137,2.925,2.605,2.936,3.147,2.495,3.478,3.352,,0.549,3.136,2.434,2.704,2.925,3.205,2.38,
04-10-2024,2.735,2.833,3.02,2.214,2.973,2.676,2.989,3.18,2.561,3.517,3.385,,0.549,3.178,2.508,2.742,2.978,3.255,2.44,
07/10/24,2.778,2.869,3.077,2.25,3.017,2.732,3.021,3.211,2.613,3.566,3.415,,0.549,3.226,2.554,2.773,3.002,3.291,2.491,
08/10/24,2.767,2.863,3.082,2.247,2.996,2.709,3.017,3.23,2.604,3.553,3.417,,0.549,3.241,2.545,2.766,3.008,3.273,2.473,
09/10/24,2.776,2.88,3.074,2.256,3.014,2.714,3.028,3.218,2.627,3.562,3.405,,0.549,3.221,2.556,2.773,2.99,3.285,2.492,
10/10/24,2.768,2.863,3.071,2.253,2.995,2.72,3.026,3.213,2.626,3.538,3.415,,0.549,3.252,2.554,2.759,3.027,3.276,2.472,
11/10/24,2.787,2.882,3.124,2.275,3.023,2.748,3.046,3.245,2.639,3.566,3.423,,0.549,3.234,2.563,2.783,3.047,3.311,2.463,
14/10/24,2.78,2.881,3.049,2.275,3.011,2.736,3.037,3.217,2.648,3.55,3.418,,0.549,3.234,2.561,2.766,3.012,3.306,2.462,
15/10/24,2.719,2.826,3.03,2.228,2.943,2.677,2.962,3.143,2.58,3.464,3.394,,0.549,3.199,2.511,2.699,2.97,3.241,2.408,
16/10/24,2.665,2.774,2.966,2.176,2.896,2.625,2.911,3.073,2.546,3.405,3.379,,0.549,3.163,2.464,2.644,2.921,3.212,2.381,
17/10/24,2.697,2.794,2.984,2.203,2.905,2.663,2.933,3.075,2.566,3.398,3.375,,0.549,3.157,2.48,2.652,2.928,3.201,2.385,
18/10/24,2.655,2.764,2.945,2.184,2.87,2.627,2.897,3.043,2.531,3.358,3.362,,0.549,3.15,2.457,2.62,2.892,3.169,2.355,
21/10/24,2.76,2.868,3.031,2.279,3,2.712,3.009,3.143,2.638,3.509,3.372,,0.549,3.15,2.552,2.739,2.939,3.233,2.434,
22/10/24,2.786,2.907,3.078,2.317,3.03,2.74,3.056,3.178,2.675,3.555,3.391,,0.549,3.244,2.591,2.766,3.004,3.258,2.454,
23/10/24,2.779,2.896,3.137,2.313,3.011,2.737,3.042,3.188,2.65,3.527,3.404,,0.549,3.236,2.588,2.749,2.999,3.228,2.443,
24/10/24,2.731,2.836,3.006,2.255,2.941,2.667,2.982,3.137,2.612,3.463,3.384,,0.549,3.188,2.526,2.686,2.96,3.192,2.394,
25/10/24,2.777,2.892,3.037,2.29,2.984,2.711,3.04,3.167,2.65,3.507,3.391,,0.549,3.165,2.562,2.741,2.977,3.225,2.412,
28/10/24,2.761,2.868,3.037,2.285,2.98,2.701,3.006,3.167,2.618,3.495,3.388,,0.549,3.23,2.555,2.711,2.979,3.217,2.395,
29/10/24,2.818,2.928,3.07,2.333,3.03,2.756,3.074,3.221,2.678,3.559,3.389,,0.549,3.213,2.601,2.747,3.036,3.24,2.4,
30/10/24,2.854,2.96,3.117,2.375,3.086,2.806,3.115,3.287,2.717,3.627,3.405,,0.549,3.218,2.643,2.783,3.046,3.284,2.454,
31/10/24,2.879,2.981,3.154,2.391,3.1,2.818,3.132,3.345,2.72,3.667,3.419,,0.549,3.328,2.653,2.816,3.046,3.309,2.421,
01/11/24,2.892,3.006,3.136,2.405,3.115,2.842,3.16,3.296,2.743,3.681,3.419,,0.549,3.308,2.664,2.86,3.046,3.309,2.423,
04/11/24,2.87,2.974,3.129,2.39,3.094,2.816,3.137,3.312,2.722,3.666,3.426,,0.549,3.327,2.649,2.883,3.091,3.31,2.432,
05/11/24,2.906,3.007,3.161,2.431,3.13,2.857,3.167,3.3,2.745,3.682,3.441,,0.549,3.338,2.692,2.896,3.134,3.326,2.436,
06/11/24,2.861,2.989,3.157,2.393,3.139,2.831,3.159,3.336,2.747,3.721,3.426,,0.549,3.298,2.668,2.895,3.122,3.335,2.431,
07/11/24,2.908,3.04,3.144,2.441,3.175,2.875,3.203,3.348,2.761,3.744,3.435,,0.549,3.354,2.701,2.939,3.209,3.349,2.403,
08/11/24,2.83,2.964,3.1,2.366,3.105,2.799,3.121,3.291,2.676,3.661,3.406,,0.549,3.303,2.622,2.876,3.143,3.355,2.344,
11/11/24,2.778,2.923,3.05,2.325,3.054,2.763,3.079,3.219,2.632,3.592,3.387,,0.549,3.262,2.588,2.83,3.081,3.279,2.304,
12/11/24,2.819,2.958,3.146,2.352,3.1,2.786,3.131,3.224,2.682,3.634,3.384,,0.549,3.254,2.621,2.858,3.029,3.31,2.352,
13/11/24,2.855,3.013,3.107,2.387,3.114,2.814,3.144,3.245,2.717,3.633,3.4,,0.549,3.302,2.645,2.855,3.077,3.315,2.362,
14/11/24,2.802,2.951,3.065,2.343,3.052,2.745,3.085,3.216,2.662,3.55,3.387,,0.549,3.28,2.584,2.799,3.066,3.272,2.281,
15/11/24,2.794,2.934,3.046,2.349,3.046,2.738,3.079,3.206,2.669,3.547,3.38,,0.549,3.23,2.578,2.803,3.031,3.29,2.284,
18/11/24,2.812,2.943,3.102,2.372,3.068,2.759,3.1,3.248,2.67,3.573,3.381,,0.549,3.243,2.614,2.819,3.079,3.264,2.311,
19/11/24,2.787,2.915,3.092,2.339,3.039,2.736,3.078,3.213,2.636,3.552,3.383,,0.549,3.198,2.586,2.794,3.036,3.234,2.322,
20/11/24,2.795,2.925,3.09,2.342,3.054,2.763,3.095,3.228,2.656,3.574,3.382,,0.549,3.246,2.592,2.812,3.076,3.247,2.34,
21/11/24,2.766,2.917,3.075,2.313,3.035,2.736,3.096,3.191,2.631,3.559,3.391,,0.549,3.263,2.567,2.794,3.041,3.225,2.333,
22/11/24,2.702,2.87,3.055,2.254,2.981,2.691,3.052,3.141,2.571,3.508,3.384,,0.549,3.214,2.503,2.732,2.957,3.183,2.273,
25/11/24,2.656,2.83,2.987,2.204,2.931,2.637,3.018,3.094,2.546,3.465,3.362,,0.549,3.146,2.451,2.689,2.979,3.148,2.244,
